http://list.qoo10.sg/item/JABA-MICROSDXC128GB-CLASS10-UHS-1-TLC-MEMORY-CARD-48MB-S-CLASS/441633906,http://list.qoo10.sg/item/GOO-N-JAPAN-VERSION-DIAPERS-PANTS-4-PACKS-DEAL-MIX-SIZES-SPECIAL/413141569,http://list.qoo10.sg/item/IPHONE-6-6S-6S-PLUS-5-SAMSUNG-GALAXY-S7-S7-EDGE-TEMPERED-GLASS/419142022,http://list.qoo10.sg/item/PAMPERS-PNG-1000-QPOINTS-REBATE-GIVE-YOUR-BABY-UP-TO-12-HOURS-OF-SKIN/408544656,http://list.qoo10.sg/item/GOSPEEDY-UFAN-TURBO-LILENG-HANDFAN-PORTABLE-MINI-USB-FAN-4-6/431111288,http://list.qoo10.sg/item/INSTOCKS-READY-BUY-2-FREE-SHIPPING-BEST-SELLER-ORIGINAL-JAPAN/433807608,http://list.qoo10.sg/item/BEAUTYMAKER-BEAUTYMAKER-2016-NEW-LAUNCH-MATTE-CUSHION-%e9%9b%b6%e6%b2%b9%e5%85%89%e6%99%b6%e6%bc%be%e6%8c%81%e5%a6%9d%e6%b0%a3%e5%a2%8a%e7%b2%89%e9%a4%85-WORLDS/454370100,http://list.qoo10.sg/item/MAMYPOKO-MAMYPOKO-EXTRA-DRY-TAPE-EXTRA-DRY-JUMBO-PACK-EXTRA-SOFT-PANTS/414590741,http://list.qoo10.sg/item/NESCAFE-NESCAFE-GOLD-BLEND-BARISTA-MACHINE-PIANO-BLACK-METAL-RED-FREE/448115822,http://list.qoo10.sg/item/GOSPEEDY-GOSPEEDY-REMAX-GEN-2-SUPER-FAST-CHARGE-SYNC-FLAT-CABLE/425891304,http://list.qoo10.sg/item/JAPAN-NO-1-EXFOLIATOR-CURE-NATURAL-AQUA-GEL-1-BOTTLE-SOLD-EVERY/423847409,http://list.qoo10.sg/item/REMAX-REMAX-PRODA-NOTE%f0%9f%8c%9f30000MAH%f0%9f%8c%9fOF-BIG-CAPACITY-AND-STABILITY-BUILT/431504124,http://list.qoo10.sg/item/RAZER-FREE-QXPRESS-SHIPPING-UPGRADE-PROFESSIONAL-WIDE-VARIETY-GAMING/415510105,http://list.qoo10.sg/item/XIAOMI-LIVING-1-YR-WARRANTY-ATTRACTIVE-GIFT-LATEST-5TH-GEN-4K-VERSION-XIAOMI/417801809,http://list.qoo10.sg/item/NOKIA-NOKIA-ASHA-300/453601945,http://list.qoo10.sg/item/SAMSUNG-MOBILE-SAMSUNG-GALAXY-TAB-4-7-0-4G-7-0INCH-QUAD-CORE-CPU-EXPORT-SET/442919346,http://list.qoo10.sg/item/GOLDWELL-50-OFF-SALON-EXCLUSIVE-%f0%9f%8c%9f-GOLDWELL-KERASILK-ULTRA-RICH-KERATIN/435672485,http://list.qoo10.sg/item/NIPPON-PAINT-NIPPON-PAINT-3-IN-1-MEDIFRESH-5-LITRES/439561628,http://list.qoo10.sg/item/PSB-SAFETY-3D-FOOT-MASSAGER-FEET-HEATER-MULTIFUNCTION-COMFORTABLE/419911272,http://list.qoo10.sg/item/FREE-SHIPPING-TODAY-NEW-ARRIVALS-DRESS-EUROPE-AND-THE-UNITED/442333285,http://list.qoo10.sg/item/JBL-JBL-J22-PREMIUM-IN-EAR-HEADPHONE-HEADSET-WITH-MIC-FOR-BOTH-APPLE/457350333,http://list.qoo10.sg/item/HAPPYCALL-MOTHERS-DAY-GIFT-HAPPY-CALL-ALUMITE-CERAMIC-DISCOUNTS-EVENT/437253425,http://list.qoo10.sg/item/TOP-QUALITY-GOLDEN-HASHIMA-18-75GM-SPECIAL-%e9%9b%aa%e8%9b%a4%e9%9b%aa%e8%9b%a4-FOREVER-BEAUTY/444841098,http://list.qoo10.sg/item/SILICON-POWER-CLEARANCE-SILICON-POWER-ARMOR-A30-A60-STREAM-S03-DIAMOND-D03/458139970,http://list.qoo10.sg/item/DESCENDANTS-OF-THE-SUN-JAPAN-SANRIO-GUDETAMA%e3%81%90%e3%81%a7%e3%81%9f%e3%81%be-BEST-QUALITY/453481431,http://list.qoo10.sg/item/20TH-APR-UPDATE-2016-NEW-SUMMER-PLUS-SIZE-COLLECTION-DRESS-BLOUSE/426097766,http://list.qoo10.sg/item/HUGGIES-HUGGIES-CARTON-SALE-HUGGIES-ULTRA-PANTS-DIAPERS-BOYS-GIRLS-NB/415351101,http://list.qoo10.sg/item/%e5%8d%81%e5%85%a8-DELICIOUS-HEALTHY-FRUIT-VINEGAR/405466437,http://list.qoo10.sg/item/SANDISK-SANDISK-ULTRA-DUAL-16GB-32GB-64GB-128GB-USB-3-0-OTG/454976277,http://list.qoo10.sg/item/BLMG-SG-NEW-ARRIVALS-DAVE-SOFA-STITCH-LEATHER-COUCH-FABRIC-BED/457631174,http://list.qoo10.sg/item/MUCOTA-SALE-MUCOTA-MUCOTA-ADLLURA-AIRE-SERIES-AWARD-WINNING-MUCOTA-SINGAPORE/437072833,http://list.qoo10.sg/item/SK-II-SK-II-FACIAL-TREATMENT-ESSENCE-330ML-SK-II-CELLUMINATION-ESSENCE/407651062,http://list.qoo10.sg/item/CMEI-TEMPERED-GLASS-SCREEN-PROTECTOR-IPHONE-6-PLUS-5S-5C-4S-S3/414488681,http://list.qoo10.sg/item/APRIL-SKIN-MAGIC-SNOW-CUSHION-SPF50-PA-15G-MAGIC-STONE-MAGIC/441110576,http://list.qoo10.sg/item/NANO-JAPAN-INSTANT-DE-STRESS-DETOX-SLIM-NOW-YOGURTY-TASTE-NANO-DETOX-CLEANSE/455028755,http://list.qoo10.sg/item/DOCOMO-JAPANNO-1-DOCOMO-SPEEDY-ULTRASPEED-CHARGING-CABLE-REMAX-CABLE/412350964,http://list.qoo10.sg/item/SHISEIDO-%f0%9f%8c%9f-EXCLUSIVE-QOO10-PROMO-TODAY-ONLY-%f0%9f%8c%9f-SHISEIDO-CRYSTALLIZING/441066206,http://list.qoo10.sg/item/KINOHIMITSU-KINOHIMITSU-SUPERFOOD-500G-TIN-22-MULTIGRAINS-CEREAL-DRINK-OVER/455114292,http://list.qoo10.sg/item/MAMYPOKO-MAMYPOKO-EXTRA-DRY-DIAPERS-EXTRA-SOFT-PANTS-JUMBO-BUNDLE-DEAL/415104578,http://list.qoo10.sg/item/SHAPE-FITNESS-LAB-HIGH-CLASS-SLIMMING-SOLUTION-FOR-PEOPLE-HAVING-NO-TIME-TO-EXERCISE/414895428,http://list.qoo10.sg/item/CHEAPEST-IN-QOO10-USB-FAN-LILENG-HANDFAN-REMAX-PORTABLE-MINI/429750818,http://list.qoo10.sg/item/PHILIPS-PHILIPS-EASYSHINE-IONIC-STYLING-BRUSH-HP4588-HP4585-BATTERY-OPERATED/421742127,http://list.qoo10.sg/item/15-OFF-KOREA-TRAVEL-BAGS-LUGAGE-ORGANIZER-BIB-DESIGN-BY-KOREA/431436584,http://list.qoo10.sg/item/KPALETTE-SUPER-SALE-9-90-TODAY-ONLY-AUTHORIZED-DISTRIBUTOR-AWARD-WINNER/444145770,http://list.qoo10.sg/item/EMICAKES-500G-D24-OREO-CAKE-D24-DURIAN-FANTASY-CAKE-MADE-WITH/429095113,http://list.qoo10.sg/item/ORIGINAL-XIAOMI-REDMI-3-PRO-4G-LTE-CELL-PHONE-SNAPDRAGON-616/444475554,http://list.qoo10.sg/item/KINOHIMITSU-BACK-BY-POPULAR-DEMAND-KINOHIMITSU-COLLAGEN-DIAMOND-NITE-32S/425330419,http://list.qoo10.sg/item/LANEIGE-BREEZY-NEW-INTENSE-LIP-GEL-UPDATED-LANEIGE-LIP-STICK-COLLECTION/424074422,http://list.qoo10.sg/item/GENUINE-COW-LEATHER-BACKPACK-TOTE-SCHOOL-BAG-SATCHEL-MESSENGER/457861269,http://list.qoo10.sg/item/SELPA-1PAIR-COOLING-SPORT-SKINS-ARM-SLEEVES-SUN-PROTECTIVE-UV-COVER/423807532,http://list.qoo10.sg/item/TAM-KAH-50-OFF-TAM-KAH-TRADITIONAL-RICE-DUMPLING-SERIES-6PCS-4-FLAVOURS/457400337,http://list.qoo10.sg/item/21TH-APR-UPDATE-2016-NEW-SUMMER-PLUS-SIZE-COLLECTION-DRESS-BLOUSE/427894791,http://list.qoo10.sg/item/STRENGTHEN-MEN-HEALTH-ENHANCE-SEXUAL-STAMINA-ROYAL-TONGKAT-ALI/456112853,http://list.qoo10.sg/item/SPIGEN-S7-S7-EDGE-CASING-BY-SPIGEN-SAMSUNG-GALAXY-S7-S7-EDGE-CASE-COVER/414762577,http://list.qoo10.sg/item/ISSEY-MIYAKE-STORE-SALE-LEAU-DISSEY-POUR-HOMME-EDT-125ML-ISSEY-MIYAKE-EDT/437239392,http://list.qoo10.sg/item/KINOHIMITSU-4-MTHS-SUPPLY-KINOHIMITSU-COLLAGEN-DIAMOND-5300MG-32S-32S-BUY/427295120,http://list.qoo10.sg/item/SAMSUNG-SUPER-1DAY-LIMITED-BIG-DEAL-AUTHENTIC-SAMSUNG-FAST-CHARGING/425272516,http://list.qoo10.sg/item/FULL-AUTOMATIC-DIGITAL-ARM-WRIST-BLOOD-PRESSURE-MONITOR-SPHGMOMANOMETE/440535819,http://list.qoo10.sg/item/BUY-7-FREE-1-SG-READY-STOCK-FASHION-WOMEN-MEN-INVISIBLE-SOCK/418909588,http://list.qoo10.sg/item/INSTOCKS-READY-BUY-2-FREE-SHIPPING-BEST-SELLER-CANVAS-BOSTON/454263242,http://list.qoo10.sg/item/22TH-JAN-UPDATED-PROMOTION-CUTE-AND-SWEET-CHILDREN-KIDS-PYJAMAS/410015937,http://list.qoo10.sg/item/DYNAMO-PNG-2-1DYNAMO-BUNDLE-DEAL-GIVES-YOU-2X-STAIN-REMOVAL-IN-1-WASH/408545057,http://list.qoo10.sg/item/SHI-HU-POWDER-18-75GM/454497920,http://list.qoo10.sg/item/ELECTRIC-LUNCH-BOXES-LUNCH-BOX-POWER-ADAPTER-COOKING-RICE-LIMITED/442323785,http://list.qoo10.sg/item/JENNIE-SHOP-TODAY-NEW-ARRIVALS-HIGH-QUALITY-ORIGINAL-MADE-IN-KOREA-2-FOR/400843829,http://list.qoo10.sg/item/QOO10-CHEAPEST-FREE-GIFT-EXTREMELY-STRONG-WIND-ATTRACTIVE-PORTABLE/436152806,http://list.qoo10.sg/item/LOCAL-FAST-SHIPPING-NON-SLIP-SMART-HANGER-CNY-NEW-YEAR-SINGAPORE/420984047,http://list.qoo10.sg/item/2016-NEW-ARRIVALS-OL-WORK-GRACEFUL-DRESS-SUIT-GOOD-QUALITY-DRESS/458751208,http://list.qoo10.sg/item/BUY-4-GET-1-FREE-AUTHENTIC-PORTABLE-SMART-AUTO-ON-OFF-MOTION/444797269,http://list.qoo10.sg/item/BEST-BUY-ROYAL-CONCENTRATED-BLOOD-NEST-PROMOTION-BUY-1-FREE/442958545,http://list.qoo10.sg/item/MIXSHOP-SG-FASHION-ACCESSORIES-HAIR-ACCESSORIES-HAIRBAND-HEADBAND-HAIR-CLIP/420317778,http://list.qoo10.sg/item/XIAOMI-50-OFF-XIAOMI-CASE-XIAOMI-REDMI-NOTE-3-2-MI5-MI4I-MI-PAD-MI3/406800342,http://list.qoo10.sg/item/21TH-APR-UPDATE-400-STYLE-2016-S-7XL-NEW-PLUS-SIZE-FASHION-LADY/418674574,http://list.qoo10.sg/item/ENFAMIL-ENFAGROW-A-MILK-POWDER-STAGE-2-3-4-5-1-8KG-1-95KG-AVAILABLE/430111661,http://list.qoo10.sg/item/CANNICE-UNIVERSAL-WIRELESS-BLUETOOTH-4-0-MUSIC-CALL-STEREO-HANDSFREE/422569832,http://list.qoo10.sg/item/LIMITED-QUANTITY-SIX-PACK-CORE-SMART-MACHINE-ABS-FITNESS-SIT/454539741,http://list.qoo10.sg/item/WANGZAI-EXPRESS-HIGH-TEA-DIM-SUM-BUFFET-EAT-ALL-YOU-CAN-WEEKDAY/437517620,http://list.qoo10.sg/item/NEW-100-AUTHENTIC-XIAOMI-10000MAH-PRO-VERSION-POWER-BANK-READYSTOCK/457274032,http://list.qoo10.sg/item/ORIGINAL-SOURCE-SALE-LIMIT-TO-100-ONLY-SPECIAL-PRICE-BUNDLE-OF-4-AUTHORIZED-DISTRIBUTO/423494789,http://list.qoo10.sg/item/MXQ-QUAD-CORE-ANDRIOD-4-4-TV-BOX-AIR-MOUSE-FREE-FULLY-LOADED/443072016,http://list.qoo10.sg/item/QOO10-BEST-DEAL-ADVENTURE-COVE-WATERPARK-SENTOSA-SENIOR-ADULT/421647073,http://list.qoo10.sg/item/SPECIAL-PROMO-BIODERMA-S%c3%89BIUM-H2O-SOLUTION-MICELLAIRE-500ML/448203063,http://list.qoo10.sg/item/NANO-JAPAN-SAVES-10-PER-BOTTLE-NOW-MOTHERS-DAY-EVENT-5-CASH-REBATE-WATCH/437362366,http://list.qoo10.sg/item/SPIGEN-IPHONE-6S-6-CASING-IPHONE-6S-PLUS-6-PLUS-CASING-CASE-COVER-POUCH/423289923,http://list.qoo10.sg/item/XIAOMI-MOBILE-XIAOMI-REDMI-NOTE-3-32GB-3GB-RAM-BRAND-NEW-SEALED-SET-FACTORY/456295301,http://list.qoo10.sg/item/THE-BEST-SELLING-EARRINGS-WITH-SILVER-NEEDLE-IN-KOREA-FOR-CHRISTMAS/422556387,http://list.qoo10.sg/item/LAST-DAY-BUY-2-GET-1-FREE-AUTOGRAPHED-BY-ACTRESS-HA-JI-WON-DRAMATICALL/443738288,http://list.qoo10.sg/item/WET-WIPES-43TH-RESTOCK-NO-1-WET-WIPES-BEST-WET-TISSUE-IN-SG-MANUFACTURED/412517321,http://list.qoo10.sg/item/FURNITURE-WAREHOUSE-SALE-HOT-SELLER-2-DOOR-OR-3-DOOR-WARDROBE/416086240,http://list.qoo10.sg/item/MAGICA-MENTE-EYE-ROLL-ON-IMPROVES-CIRCULATION-WHITENING-AND-MOISTURISI/422095694,http://list.qoo10.sg/item/QOO10-BEST-DEAL-SEA-AQUARIUM-SENTOSA-SENIOR-ADULT-CHILD-E-TICKET/421266506,http://list.qoo10.sg/item/EJIA-3-PACKS-BUNDLE-NO-1-SELLING-HEALTHY-BEAUTY-BEVERAGE-%e7%ba%96Q%e5%a5%bd%e6%89%8b%e8%97%9d-SLIM/453705103,http://list.qoo10.sg/item/WET-WIPES-KIDS-IN-SINGAPORE-FREE-SHIPPING-GIFT-BABY-WET-WIPES-1000PCS/418648215,http://list.qoo10.sg/item/19-99-1-1-PROMOTION-1KG-CERTIFIED-ORGANIC-CHIA-SEEDS-SEED-RICH/422759123,http://list.qoo10.sg/item/QOO10-BEST-DEAL-UNIVERSAL-STUDIO-SINGAPORE-TICKET-USS-ONE-DAY/420800540,http://list.qoo10.sg/item/SINGPOST-SINGPOST-SMARTPAC-IS-A-PRE-PAID-POSTAL-SERVICE-FOR-DOMESTIC/407133050,http://list.qoo10.sg/item/LANEIGE-ORANGERUN-COSMETIC-LANEIGE-BB-CUSHION-SERIES-DESCENDANTS-OF/431688693,http://list.qoo10.sg/item/CHICKEN-UP-ALL-YOU-CAN-BUFFET-FROM-13-90-AVAILABLE-ONLY-AT-JURONG/454991916,http://list.qoo10.sg/item/SINGTEL-10-TOP-UP/407913907,http://list.qoo10.sg/item/CHEAPEST-INSTAX-MINI-PLAIN-FILM-40-SHEETS-BUNDLE-CHARACTER-POLAROID/413157042,http://list.qoo10.sg/item/MELISSA-2016-NEW-ARRIVALS-HOT-SELLING-JELLY-SHOES-WOMEN-SHOES-SUMMER/417876056,http://list.qoo10.sg/item/SWEETANGELSHOP-SWEETANGELSHOP-LOCAL-SELLER-LOCAL-EXCHANGE-PREMIUM-LADIES-SPORTS/424672870,http://list.qoo10.sg/item/MERRIES-MERRIES-CARTON-SALE-MERRIES-TAPE-DIAPERS-WALKER-PANTS-UNISEX/420423314,http://list.qoo10.sg/item/NANO-JAPAN-GRAB-NOW-ADD-6-SHOP-DISCOUNT-RESULTS-GUARANTEED-NANO-COLLAGEN/409996644,http://list.qoo10.sg/item/SPIGEN-S7-EDGE-S7-CASING-BY-SPIGEN-SAMSUNG-GALAXY-S7-S7-EDGE-CASE-COVER/414710152,http://list.qoo10.sg/item/QXPRESS-QDELIVERY-DOOR-TO-DOOR-SERVICE-NOW-OPEN-FOR-CONSUMERS/439068955,http://list.qoo10.sg/item/AF1010-PATENTED-BLADELESS-FAN-COOL-WHITE-BLACK-REMOTE-CONTROL/441655884,http://list.qoo10.sg/item/3M-3M-FINELUX-LED-STAND-8400-3M-8400-DESK-LED-STAND-LAMP-DESK-LIGHT/451083452,http://list.qoo10.sg/item/UNBLOCK-TECH-TV-BOX-UBOX-GEN2-S800-PLUS-HONG-KONG-VERSION-FOR/453466871,http://list.qoo10.sg/item/CANVAS-BAGS-DESCENDANTS-OF-THE-SUN-SONG-HYE-KYO-S-SHOULDER-BAG/458436295,http://list.qoo10.sg/item/GNC-LAST-THREE-DAYS-WEIGHT-CONTROL-GNC-TOTAL-LEAN-BURN-60-60-TABLETS/416498912,http://list.qoo10.sg/item/MIRABELLE-THE-SHAKE-OF-HOT-DISSOLVE-FAT-CREAM-SEXY-SLENDER-FIGURE/437311749
http://gd.image-gmkt.com/li/590/924/584924590.g_210-w-st_g.jpg,http://gd.image-gmkt.com/li/204/385/489385204.g_210-w-st_g.jpg,http://gd.image-gmkt.com/li/523/690/564690523.g_210-w-st_g.jpg,http://gd.image-gmkt.com/li/343/408/585408343.g_210-w-st_g.jpg,http://gd.image-gmkt.com/li/494/404/582404494.g_210-w-st_g.jpg,http://gd.image-gmkt.com/li/911/091/585091911.g_210-w-st_g.jpg,http://gd.image-gmkt.com/li/116/219/585219116.g_210-w-st_g.jpg,http://gd.image-gmkt.com/li/844/213/561213844.g_210-w-st_g.jpg,http://gd.image-gmkt.com/li/953/750/585750953.g_210-w-st_g.jpg,http://gd.image-gmkt.com/li/277/330/528330277.g_210-w-st_g.jpg,http://gd.image-gmkt.com/li/393/279/465279393.g_210-w-st_g.jpg,http://gd.image-gmkt.com/li/036/428/585428036.g_210-w-st_g.jpg,http://gd.image-gmkt.com/li/594/628/552628594.g_210-w-st_g.jpg,http://gd.image-gmkt.com/li/206/190/527190206.g_210-w-st_g.jpg,http://gd.image-gmkt.com/li/944/487/569487944.g_210-w-st_g.jpg,http://gd.image-gmkt.com/li/867/695/542695867.g_210-w-st_g.jpg,http://gd.image-gmkt.com/li/217/902/554902217.g_210-w-st_g.jpg,http://gd.image-gmkt.com/li/108/908/527908108.g_210-w-st_g.jpg,http://gd.image-gmkt.com/li/751/082/535082751.g_210-w-st_g.jpg,http://gd.image-gmkt.com/li/223/572/565572223.g_210-w-st_g.jpg,http://gd.image-gmkt.com/li/740/696/579696740.g_210-w-st_g.jpg,http://gd.image-gmkt.com/li/737/703/515703737.g_210-w-st_g.jpg,http://gd.image-gmkt.com/li/878/461/582461878.g_210-w-st_g.jpg,http://gd.image-gmkt.com/li/061/615/585615061.g_210-w-st_g.jpg,http://gd.image-gmkt.com/li/665/370/582370665.g_210-w-st_g.jpg,http://gd.image-gmkt.com/li/488/405/585405488.g_210-w-st_g.jpg,http://gd.image-gmkt.com/li/651/703/496703651.g_210-w-st_g.jpg,http://gd.image-gmkt.com/li/152/236/450236152.g_210-w-st_g.jpg,http://gd.image-gmkt.com/li/778/172/582172778.g_210-w-st_g.jpg,http://gd.image-gmkt.com/li/083/627/580627083.g_210-w-st_g.jpg,http://gd.image-gmkt.com/li/136/405/543405136.g_210-w-st_g.jpg,http://gd.image-gmkt.com/li/218/890/524890218.g_210-w-st_g.jpg,http://gd.image-gmkt.com/li/944/231/569231944.g_210-w-st_g.jpg,http://gd.image-gmkt.com/li/778/763/580763778.g_210-w-st_g.jpg,http://gd.image-gmkt.com/li/199/191/581191199.g_210-w-st_g.jpg,http://gd.image-gmkt.com/li/812/220/568220812.g_210-w-st_g.jpg,http://gd.image-gmkt.com/li/231/504/585504231.g_210-w-st_g.jpg,http://gd.image-gmkt.com/li/981/842/584842981.g_210-w-st_g.jpg,http://gd.image-gmkt.com/li/950/130/585130950.g_210-w-st_g.jpg,http://gd.image-gmkt.com/li/599/347/582347599.g_210-w-st_g.jpg,http://gd.image-gmkt.com/li/834/502/518502834.g_210-w-st_g.jpg,http://gd.image-gmkt.com/li/607/965/583965607.g_210-w-st_g.jpg,http://gd.image-gmkt.com/li/759/284/529284759.g_210-w-st_g.jpg,http://gd.image-gmkt.com/li/822/306/585306822.g_210-w-st_g.jpg,http://gd.image-gmkt.com/li/604/831/557831604.g_210-w-st_g.jpg,http://gd.image-gmkt.com/li/416/431/581431416.g_210-w-st_g.jpg,http://gd.image-gmkt.com/li/295/657/519657295.g_210-w-st_g.jpg,http://gd.image-gmkt.com/li/595/730/569730595.g_210-w-st_g.jpg,http://gd.image-gmkt.com/li/253/738/584738253.g_210-w-st_g.jpg,http://gd.image-gmkt.com/li/390/218/471218390.g_210-w-st_g.jpg,http://gd.image-gmkt.com/li/536/955/583955536.g_210-w-st_g.jpg,http://gd.image-gmkt.com/li/450/457/585457450.g_210-w-st_g.jpg,http://gd.image-gmkt.com/li/329/317/584317329.g_210-w-st_g.jpg,http://gd.image-gmkt.com/li/219/668/566668219.g_210-w-st_g.jpg,http://gd.image-gmkt.com/li/288/676/515676288.g_210-w-st_g.jpg,http://gd.image-gmkt.com/li/639/609/560609639.g_210-w-st_g.jpg,http://gd.image-gmkt.com/li/278/934/584934278.g_210-w-st_g.jpg,http://gd.image-gmkt.com/li/326/662/585662326.g_210-w-st_g.jpg,http://gd.image-gmkt.com/li/060/679/540679060.g_210-w-st_g.jpg,http://gd.image-gmkt.com/li/508/896/570896508.g_210-w-st_g.jpg,http://gd.image-gmkt.com/li/368/080/579080368.g_210-w-st_g.jpg,http://gd.image-gmkt.com/li/242/407/560407242.g_210-w-st_g.jpg,http://gd.image-gmkt.com/li/612/321/584321612.g_210-w-st_g.jpg,http://gd.image-gmkt.com/li/730/726/577726730.g_210-w-st_g.jpg,http://gd.image-gmkt.com/li/026/139/584139026.g_210-w-st_g.jpg,http://gd.image-gmkt.com/li/421/157/524157421.g_210-w-st_g.jpg,http://gd.image-gmkt.com/li/884/117/496117884.g_210-w-st_g.jpg,http://gd.image-gmkt.com/li/092/802/583802092.g_210-w-st_g.jpg,http://gd.image-gmkt.com/li/536/160/570160536.g_210-w-st_g.jpg,http://gd.image-gmkt.com/li/651/465/585465651.g_210-w-st_g.jpg,http://gd.image-gmkt.com/li/250/051/560051250.g_210-w-st_g.jpg,http://gd.image-gmkt.com/li/563/314/574314563.g_210-w-st_g.jpg,http://gd.image-gmkt.com/li/724/636/585636724.g_210-w-st_g.jpg,http://gd.image-gmkt.com/li/739/243/497243739.g_210-w-st_g.jpg,http://gd.image-gmkt.com/li/712/235/471235712.g_210-w-st_g.jpg,http://gd.image-gmkt.com/li/326/799/571799326.g_210-w-st_g.jpg,http://gd.image-gmkt.com/li/030/832/557832030.g_210-w-st_g.jpg,http://gd.image-gmkt.com/li/956/299/579299956.g_210-w-st_g.jpg,http://gd.image-gmkt.com/li/277/527/558527277.g_210-w-st_g.jpg,http://gd.image-gmkt.com/li/706/615/560615706.g_210-w-st_g.jpg,http://gd.image-gmkt.com/li/932/786/554786932.g_210-w-st_g.jpg,http://gd.image-gmkt.com/li/469/362/565362469.g_210-w-st_g.jpg,http://gd.image-gmkt.com/li/985/300/545300985.g_210-w-st_g.jpg,http://gd.image-gmkt.com/li/612/619/567619612.g_210-w-st_g.jpg,http://gd.image-gmkt.com/li/734/738/575738734.g_210-w-st_g.jpg,http://gd.image-gmkt.com/li/292/972/569972292.g_210-w-st_g.jpg,http://gd.image-gmkt.com/li/440/423/564423440.g_210-w-st_g.jpg,http://gd.image-gmkt.com/li/112/072/570072112.g_210-w-st_g.jpg,http://gd.image-gmkt.com/li/696/473/576473696.g_210-w-st_g.jpg,http://gd.image-gmkt.com/li/430/279/465279430.g_210-w-st_g.jpg,http://gd.image-gmkt.com/li/633/867/572867633.g_210-w-st_g.jpg,http://gd.image-gmkt.com/li/149/732/569732149.g_210-w-st_g.jpg,http://gd.image-gmkt.com/li/709/955/536955709.g_210-w-st_g.jpg,http://gd.image-gmkt.com/li/867/392/526392867.g_210-w-st_g.jpg,http://gd.image-gmkt.com/li/449/542/565542449.g_210-w-st_g.jpg,http://gd.image-gmkt.com/li/443/942/572942443.g_210-w-st_g.jpg,http://gd.image-gmkt.com/li/176/662/569662176.g_210-w-st_g.jpg,http://gd.image-gmkt.com/li/311/789/580789311.g_210-w-st_g.jpg,http://gd.image-gmkt.com/li/310/855/421855310.g_210-w-st_g.jpg,http://gd.image-gmkt.com/li/995/964/422964995.g_210-w-st_g.jpg,http://gd.image-gmkt.com/li/662/166/580166662.g_210-w-st_g.jpg,http://gd.image-gmkt.com/li/388/925/551925388.g_210-w-st_g.jpg,http://gd.image-gmkt.com/li/219/694/496694219.g_210-w-st_g.jpg,http://gd.image-gmkt.com/li/977/206/555206977.g_210-w-st_g.jpg,http://gd.image-gmkt.com/li/895/942/566942895.g_210-w-st_g.jpg,http://gd.image-gmkt.com/li/105/739/568739105.g_210-w-st_g.jpg,http://gd.image-gmkt.com/li/080/370/538370080.g_210-w-st_g.jpg,http://gd.image-gmkt.com/li/817/011/564011817.g_210-w-st_g.jpg,http://gd.image-gmkt.com/li/874/130/569130874.g_210-w-st_g.jpg,http://gd.image-gmkt.com/li/725/584/582584725.g_210-w-st_g.jpg,http://gd.image-gmkt.com/li/246/779/548779246.g_210-w-st_g.jpg,http://gd.image-gmkt.com/li/694/108/528108694.g_210-w-st_g.jpg
JABA Microsdxc128GB Class10 UHS-1 TLC MEMORY CARD /48MB/S Class-10 UHS-1 TLC Ultra-High Speed Memory Card /JABA 128GB MicroSDXC /micro sd card,GOO.N Japan Version Diapers/Pants 4 Packs Deal-MIX SIZES! Special Price Bundle Add-on GOO.N Swim Pants/ Baby Wipes!,Iphone 6/6S/6S PLUS/5/Samsung Galaxy S7/S7 Edge Tempered Glass Screen Protector/Privacy/Samsung Galaxy Note 5/4/3/2/S6/A8/S5/TAB S2/A/4/Mi4/Redmi Note/Sony Z3/iPad pro/ MINI/AIR 2/3/LG G4,PnG] 1000 Qpoints Rebate! - Give your baby UP TO 12 HOURS of skin dryness or up to 7 wettings with Magic Gel Soft Touch-Dry Layer and soft stretchy sides.,GoSPEEDY+ uFan Turbo LiLeng HandFan Portable Mini USB Fan 4/6 Inch Tower Fan Design Easy Use 360 Degree Rotate Stroller Table Fan Ultra Quiet Design 3 Speed Control ABS Case Strongest Wind Power,„ÄêINSTOCKS READY Buy 2 FREE Shipping„ÄëBEST SELLER‚ù§Original Japan ANELLO BACKPACK‚ù§SUKINDOUGY sports gym bag /travel backpack/Large Capacity mummy dayre kids/ kanken student school bag ,[BEAUTYMAKER]‚úÆ2016 NEW LAUNCH‚úÆMATTE CUSHION Èõ∂Ê≤πÂÖâÊô∂ÊºæÊåÅÂ¶ùÊ∞£Â¢äÁ≤âÈ§Ö‚úÆWORLDS MOST OIL CONTROL POWDER CUSHION‚úÆ8-IN-1‚úÆBEYOND 48H LONG LASTING‚úÆZero Shine Flawless Skin‚úÆ1 Second Turn Powder‚úÆ,Mamypoko Extra Dry Tape/Extra Dry JUMBO pack/Extra Soft Pants/Junior Night Pants/ ‚òÖCarton Sale‚òÖ,[NESCAFE] GOLD BLEND Barista Machine Piano Black/Metal Red ‚òÖ FREE Coffee Tin and Coffee Mate! While Stock Lasts! ,GoSPEEDY GoSPEEDY+ ‚òÖ REMAX GEN 2 Super Fast Charge/Sync Flat Cable Lightning Micro USB 2-In-1 2.1A iPhone 4/4s 30pin / Charging Portable Charger Power Bank iPhone Samsung Xiaomi,Japan No.1 Exfoliator! - Cure Natural Aqua Gel. 1 bottle sold every 12 second in Japan. Facial in a bottle. ,Remax PRODA NOTEüåü30000mAhüåüof big capacity and stability built-in 4 USB port 2 USB port with 2.1A fast charging leather exquisite appearance suitable for travel.,‚ô£FREE QXPRESS SHIPPING Upgrade* ‚ô£ Professional Wide Variety Gaming Mouse REDRAGON RAZER RAPOO WIRELESS MOUSE IRONMAN JamesDonkey CHROMA AND MORE!,1 yr warranty  Attractive GIFT latest 5th Gen 4k version XIAOMI TV box free latest hk us kr tw drama thai android tv box ,[NOKIA] ASHA 300,[SAMSUNG] Galaxy Tab 4 7.0 4G / 7.0Inch / Quad Core CPU / Export Set/ 1 Year Warranty Option,"50% OFF!! SALON EXCLUSIVE üåü Goldwell Kerasilk Ultra Rich Keratin Homecare Shampoo (1000ml) Daily Intense Mask (1000ml)üåü To Tame Dry, Frizzy, Damaged Hair!!",Nippon Paint 3-in-1 Medifresh 5 Litres,[PSB SAFETY] 3D Foot Massager Feet Heater* Multifunction Comfortable Leg Massage* Improve Blood Circulation Relief Tension* Perfect Gift for Family and Friends!,[FREE SHIPPING] TODAY NEW ARRIVALS DRESS ‚ñ≤ Europe and the United States Fashion Dress Lady Dress Bohemia dress skirt shirt with vest.PLUS SIZE S TO 7XL,JBL J22 Premium In Ear Headphone / Headset with Mic / For Both Apple and Android / Local Warranty,‚ô•mothers day gift‚ô•[Happy call] Alumite Ceramic ‚òÖDiscounts Event‚òÖ (2Pots)(4Pots)(5Pots)  / Made in Korea/ happycall pot/ pot set / Ceramic Pot /Happycall ,‚òÖTop Quality Golden Hashima 18.75gm Special!! Èõ™Ëõ§Èõ™Ëõ§ Forever beauty Gift Set!! ANCIENT CHINESE BEAUTY SECRET,[CLEARANCE!]Silicon Power Armor A30/A60 | Stream S03 | Diamond D03 | 1TB / 2TB Portable External Hard Drive USB 3.0 Cheapest in Qoo10!!! (SP010TBPHDS03S3K) While Stocks Last!!,‚òÖDescendants of the Sun‚òÖJapan Sanrio Gudetama„Åê„Åß„Åü„Åæ‚òÖBest quality Best Gift /CUSHION/PILLOW/TOYS/DOLLS/OKCAT DOLLS/Kumamon/Line friends/OKCAT CUSION/U-shape pillow/Long CUSHION/Waist pillow,„Äê20th Apr Update„Äë2016 New Summer Plus Size Collection /Dress /Blouse/ Skirt/Midi Skirts /T-Shirts,„ÄêHUGGIES„Äë‚óèCARTON SALE‚óè HUGGIES Ultra Pants/Diapers ‚óè Boys ‚óè Girls ‚óè NB/S/M/L/XL/XXL ‚óè [1Day Promotion at 28.80 / Limited Qty],DELICIOUS HEALTHY FRUIT VINEGAR,[Sandisk] SanDisk Ultra dual 16GB / 32GB / 64GB / 128GB USB 3.0 OTG Flash Drive with micro USB connector For Android Devices,[BLMG_SG]NEW ARRIVALS! Dave Sofa‚òÖStitch‚òÖLeather‚òÖCouch‚òÖFabric‚òÖBed‚òÖFurniture‚òÖLiving room sofa‚òÖPremium‚òÖComfortable,SALE!**  [MUCOTA] MUCOTA ADLLURA Aire Series: Award Winning MUCOTA‚Ñ¢ Singapore Homecare Shampoo/Conditioner/ hair styling/ curl/ straightener products from Japan,SK-II Facial Treatment Essence 330ml / SK-II Cellumination Essence 50ml SKII SK2,Cmei Tempered Glass Screen Protector Iphone 6 Plus 5S 5C 4S S3 4 5 Note 4 3 2 Xiaomi Redmi Mi4i 2 Note LG G4 G2 G3 G Pro Nexus 5 Sony Xperia Z Z1 Z2 Z3 Z4 HTC M9 M8 E8 Zenfone 5 6 OnePlus Privacy ,[April Skin] Magic Snow Cushion SPF50+ PA+++ 15g/Magic Stone/Magic snow Cream/Maple Queen Water Essence/Magic Oasis Cream/Magic ALL-KILL Cleansing OiL/All Kill Eye Remover/Magic oil tint,[INSTANT DE-STRESS/ DETOX/ SLIM NOW!] YOGURTY TASTE! ‚ô•NANO DETOX+CLEANSE SMOOTHIE ‚Ä¢COLD-PRESS FRUITY TASTE ‚Ä¢24hrs FLUSH-OUT! ‚Ä¢219 kinds of Digestive Enzymes ‚Ä¢30-servings ‚ô•MADE IN JAPAN,JapanNo.1 DOCOMO/SPEEDY UltraSpeed Charging Cable/ Remax Cable/2.1A Speedy charging Cable/SPEEDY Cable /USB adapter /USB Charger/iphone 6/ipad/tablet/Samsung/Xiaomi/HTC/Sony/Lenovo Powerbank,üåü Exclusive Qoo10 Promo Today Only üåü  Shiseido Crystallizing Straight ‚ô• At home DIY / No heat required ‚ô• Salon Exclusive 400ml VALUE PACK ‚ô• Professional Japanese Straightening Technology ‚ô• WITH FREE,Kinohimitsu Superfood+ (500g/Tin) | 22 Multigrains Cereal Drink OVER 60000 SOLD!,‚óÑ MAMYPOKO ‚ñ∫ Extra Dry Diapers / Extra Soft Pants ‚òÖ JUMBO BUNDLE DEAL 3/4 ‚òÖ  Tape Size NB/S/M/L/XL/XXL. Walker Pants Size M/L/XL/XXL/XXXL Boys/Girls,[High Class slimming solution for people having no time to exercise](Buy 4 Get 1 Free)For you sitting at work/Fat burner/diet/Garcinia Cambogia,‚ô£Cheapest in Qoo10‚ô£ USB Fan LiLeng HandFan Remax Portable Mini USB Fan 360 Degree Rotate Stroller Pram Table Fan Ultra Quiet Design  Strongest Wind Power (Buy 1 Get 1 Free*),Philips EasyShine Ionic styling brush HP4588/HP4585 Battery operated-Singapore Local set with 2 Year International Warranty,15%OFF Korea Travel Bags Lugage Organizer BIB Design by Korea Underwear Shoes pouch Toiletry bag Travel Essentials Sling Tote Cross body bag travel essentials all about travel,Super SALE $9.90 Today Only!(AUTHORIZED DISTRIBUTOR) Award-winner! 10 millions Qty Sold! Japan Top-Selling K-Palette 1 Day TATTOO Eyeliner Series (avail in Black and Brown - 24Hr Waterproof  Smudgepro,[Emicakes] 500g D24 Oreo Cake. D24 Durian Fantasy Cake. Made With Fresh D24 Durian Fillings. Available at 6 locations! SG Best Durian and Eggless Cake Maker.,Original Xiaomi Redmi 3 Pro 4G LTE Cell Phone Snapdragon 616 Octa Core 5.0 1280x720 2GB RAM 16GB ROM 13.0MP 4100mAh Metal Body Note,[BACK BY POPULAR DEMAND] Kinohimitsu Collagen Diamond Nite 32s + 32s BUY 1 FREE 1 [4 MONTHS SUPPLY] WAKE UP TO BEAUTIFUL SKIN [Beautiful],BREEZY ‚òÖ New Intense Lip Gel Updated! [LANEIGE] Lip Stick Collection / Two Tone Lip Bar / descendants of the sun / Tinted Lip balm / Intense Lipstick / Amorepacific / Lip / makeup / Lipstick / Lip Tin,GENUINE! Cow Leather Backpack / Tote School Bag /Satchel /  Messenger Shoulder Bag Hand Bag/ Chic Fashion Casual / Large Capacity„ÄêM18„Äë,1pair Cooling Sport Skins Arm Sleeves Sun Protective UV Cover Golf / cool arm sleeves / hand cover / half glove / haze mask /towel/UV Protection / Cycle / Tennis / Hiking / Buff / Bandana / Scarf ,[50% OFF][Tam Kah] ‚ô¶ Traditional Rice Dumpling Series (6PCS) - 4 Flavours ‚ô¶ 1.Nyonya | 2.Salted Egg w Spiced Meat | 3.Spiced Meat | 4.Sesame w Five Beans Vegetarian [EARLY BIRD],„Äê21th Apr Update„Äë2016 New Summer Plus Size Collection /Dress /Blouse/ Skirt/Midi Skirts /T-Shirts,*Strengthen Men Health*Enhance Sexual Stamina* Royal TongKat Ali 100gm Promotion,S7 / S7 Edge Casing by Spigen Samsung Galaxy S7 / S7 Edge Case Cover Screen Protector Direct from Korea Local Stock Fast Delivery Military Grade 100% Satisfaction,[STORE SALE] LEau dIssey Pour Homme EDT 125ml/Issey Miyake EDT 100ml Issey Miyake Tester [BOTH WITH CAPS],*4 MTHS SUPPLY* Kinohimitsu Collagen Diamond 5300mg 32s + 32s Buy 1 Free 1 *Award Winning* [Beautiful],[Super 1DAY LIMITED BIG DEAL!!!!]‚òÖAuthentic Samsung Fast Charging Wireless Charger for Galaxy Note 5 / S6 Edge+ / S6 / S6 Edge Plus ‚òÖ Samsung Fast Wireless Charging Pad / EG-PN920 / Black White Color ,Full Automatic Digital Arm/Wrist Blood Pressure Monitor sphgmomanometer BP dvice meter „ÄêSingapore Line„Äë,[BUY 7 FREE 1][SG Ready Stock]*Fashion Women*Men Invisible Sock/SG Ready Stock/Bamboo Boat socks‚òÖAnkle Sock‚òÖBamboo/Lace/Viscose Fiber Sock‚òÖAnti-Slip Sock‚òÖMen Sock‚òÖ,„ÄêINSTOCKS READY BUY 2 FREE SHIPPING„ÄëBEST SELLER ‚ù§ Canvas Boston Japan Handbag and shoulder bag ‚ù§Anello Travel bag mummy Unisex casual rucksack kanken outdoor etc student school bag ,22th Jan Updated Promotion! Cute and Sweet Children/Kids Pyjamas sleepwear long sleeve soft comfy and nice pajamas/long pants/ children clothes/long sleeve/long pants/kids clothes/clothing,[PnG]„Äê2+1DYNAMO BUNDLE DEAL!„ÄëGives you 2x Stain Removal in 1 Wash. 50% More Cleaning Power Than Ordinary Liquids!,‚òÖShi Hu Powder 18.75gm ,Electric lunch boxes /lunch_box/ Power Adapter / Cooking rice/Limited Singapore Ready Stock/Rice Cooker,‚ñ∫TODAY NEW ARRIVALS ‚ñ∫HIGH QUALITY + ORIGINAL MADE IN KOREA ‚ñ∫2 FOR FREE SHIPPING ‚ñ∫KOREAN WOMEN CASUAL DRESS TOPS LEGGINGS PANTS SHORTS BLOUSE T SHIRT,{QOO10 CHEAPEST!!}[FREE GIFT!!}Extremely Strong Wind!/Attractive Portable Cool PALM FAN  - come with rechargable battery (using USB cable)Built in Operated LED Touch Light for Indoor Outdoor  ,[Local Fast shipping]‚òÖNon slip Smart Hanger‚òÖCNY / New Year/ Singapore Local delivery /Clothes Organizer Holder / Dress hanger / Slim hanger / space saver,2016 New arrivals OL/work/graceful dress /suit good quality dress and tops chiffon tops ,[BUY 4 GET 1 FREE] Authentic Portable Smart Auto On Off Motion Sensor LED Night Light / Smart Home / Good for Elderly Baby Kid Night Wake Up / Living Room Car Park,‚òÖBest Buy!!! Royal Concentrated Blood Nest Promotion!! Buy 1 FREE 1 !!,Fashion Accessories /Hair Accessories/Hairband /Headband /Hair clip /Hair band/Head Band/ Hairclip/ Rubber band /Comb/ Hair Bun/ Hair roller/ Hair Twist/ Hair pin/ Hair Ties,‚òÖ[50% OFF XiaoMi Case]‚òÖ XiaoMi Redmi Note 3 2 Mi5 Mi4i /Mi Pad Mi3 / Mi4 / Mi4i / Redmi 3 /1S / 2 / Red Rice Redmi Mi3 Screen Protector / Phone Casing / Battery MiPad Mi 5 Stocks Local in SG etc,„Äê21th Apr Update!„Äë400+ style 2016 S-7XL NEW PLUS SIZE FASHION LADY DRESS OL work dress SLIM DRESS LONG SLEEVE TOP,„ÄêENFAMIL/ENFAGROW„ÄëA+ Milk Powder (Stage 2/3/4/5) 1.8kg ‚òÖ 1.95kg available! ‚òÖ,CANNICE Universal Wireless Bluetooth 4.0 Music+Call Stereo Handsfree Earpiece/Headset With Camera Remote Control Function / Headphone/ Headset/ Earphone for iphone samsung xiaomi htc acer sony etc,[LIMITED QUANTITY]Six Pack Core Smart Machine * Abs Fitness * Sit Up * Resistance Exercise Board * Core Fitness * - As Seen on TV [TVADS TV-ADS],[Wangzai Express] High Tea Dim Sum Buffet - Eat All You Can. Weekday and Weekend. Chinatown Outlet!,[NEW! 100% Authentic] Xiaomi 10000mAh Pro Version Power Bank ‚òÖReadyStock‚òÖ,SALE! - Limit to 100 Only! (SPECIAL PRICE Bundle of 4!) ** Authorized Distributor** ORIGINAL SOURCE Shower gel! [Shower Gel/Scrub/Shampoo],MXQ Quad Core Andriod 4.4 TV Box + Air Mouse Free | Fully Loaded with Sports/Movies/Kids HD,[Qoo10 Best Deal] Adventure Cove Waterpark Sentosa (Senior/Adult/Child) E-Ticket Ê∞¥‰∏äÊé¢Èô©‰πêÂõ≠ÁîµÂ≠êÁ•®,„ÄêSpecial Promo„ÄëBioderma S√©bium H2O Solution Micellaire 500ml/Cr√©aline H2O Solution Micellaire 500ml(100% Authentic! Direct from France),[SAVES $10 per bottle now!!!! MOTHERS DAY EVENT +$5 CASH REBATE*!!!] ‚ô•WATCH NEW VIDEO! ‚ô•#1 BOOSTS IMMUNE UP UP KIDS!! ‚ô•AUTHENTIC 5X PROBIOTICS BOOSTER ‚òÖFLU NO MORE! ‚Ä¢NANO BIOGENIE ‚ô• Made In Japan,iPhone 6S / 6 Casing iPhone 6S Plus / 6 Plus Casing Case Cover Pouch *100% Spigen Authentic* Military Grade Free Fast Local Delivery 100% Satisfaction Ultra Hybrid,Xiaomi Redmi Note 3 32GB/3GB RAM (Brand New Sealed Set Factory-Installed Google PlayStore with 1 Year Xiaomi Singapore Warranty),The best selling earrings with silver needle in Korea for christmas gift/Â§™Èò≥ÁöÑÂêéË£î/Descendants of the Sun,‚ù§LAST DAY‚ù§BUY 2 GET 1 FREE‚ù§AUTOGRAPHED BY ACTRESS HA JI WON‚ù§DRAMATICALLY IMPROVE YOUR SKIN‚ù§SEE RESULTS IN ONE USE‚ù§ULTRA HIGH QUALITY INGREDIENTS‚ù§HIGH DEMAND‚ù§HIGH SOLD OUT RATE‚ù§,[43th RESTOCK]NO.1 Wet Wipes/Best Wet Tissue in SG/Manufactured on Mar.18.2016/By popular demand/JEJU island wet tissue/Baby wet wipes / Thick wet wipes / Weight 50g / Safe for baby / High quality,FURNITURE WAREHOUSE SALE!!! HOT SELLER 2 DOOR or 3 DOOR WARDROBE / CABINET!!!,Magica Mente Eye Roll-On. Improves Circulation Whitening and Moisturising around eyes. Made in Japan. ,[Qoo10 Best Deal] SEA Aquarium Sentosa (Senior/Adult/Child) E-Ticket Êµ∑Ê¥ãÈ¶ÜÁîµÂ≠êÁ•®,[3 PACKS BUNDLE]‚úÆNO 1 SELLING HEALTHY BEAUTY BEVERAGE‚úÆÁ∫ñQÂ•ΩÊâãËóù Slim Q Powder Packet Drink‚úÆPerfect for Beauty Maintenance‚úÆRed Bean Powder Barley Powder and Black Bean Powder‚úÆ100% NATURAL‚úÆ,‚ô•KIDS‚ô•[In Singapore]FREE SHIPPING GIFT Baby Wet Wipes 1000pcs Super sale[lovien] ‚òÖ I-Su Baby Wet Wipes moist sofr ‚òÖ tissue/Made in Korea /HOUSEHOLD‚ô•Wet Wipes Lid/gobiz-026,$19.99! 1 + 1 Promotion! 1KG Certified Organic Chia Seeds Seed Rich in Omega 3/ Fiber/ Anti-Oxidant (2x500g),[Qoo10 Best Deal] Universal Studio Singapore Ticket USS One day Pass E-Ticket Êñ∞Âä†Âù°ÁéØÁêÉÂΩ±ÂüéÁîµÂ≠êÁ•®,[SINGPOST] SmartPac is a pre-paid postal service for domestic delivery.,[Orangerun_cosmetic] ‚òÖLANEIGE‚òÖBB Cushion Series ‚ô•Descendants of the Sun‚ô• Foundation/bb cream/pact/Concealer,[Chicken Up] All you can buffet from $13.90! Available only at Jurong East and Park Parade!,SingTel $10 Top-Up,[Cheapest!]‚ô•Instax Mini Plain film‚ô• 40 SHEETS Bundle / Character / Polaroid film 7s 8 25 90 50s Share phone Printer,2016 New Arrivals Hot Selling Jelly Shoes women shoes Summer Favourites Ribbon Jelly Heels Sandals Wedges,~SweetangelShop Local Seller/Local Exchange~ Premium Ladies Sports Yoga Zumba Gym Bottom - Running Yoga Shorts / Capris / Pants,„ÄêMerries„Äë‚óèCARTON SALE‚óè Merries Tape Diapers/Walker Pants ‚óè Unisex ‚óè  NB/M/L/XL ‚óè,[GRAB NOW! ADD 6% SHOP DISCOUNT*!!!]  ‚òÖRESULTS GUARANTEED‚òÖ NANO COLLAGEN ‚Ä¢Skin Hair Bustline ‚Ä¢BEST SELLING #1 IN SG!!! ‚Ä¢ 35DAYS Upsize ‚Ä¢ 5500mg Upgraded ‚ô• Made In Japan,S7 Edge / S7 Casing by Spigen Samsung Galaxy S7 / S7 Edge Case Cover Screen Protector Direct from Korea Local Stock Fast Delivery Military Grade 100% Satisfaction,[Qxpress]Qdelivery Door to Door Service. Now Open for Consumers. Only for Local Delivery (Singapore) [Voucher value 5.5],Af1010 Patented Bladeless Fan Cool White/black Remote Control Timer Safe For baby pet children Stand fan Korea technology ,3M FINELUX LED Stand 8400 / 3M 8400 Desk LED Stand Lamp / Desk Light / 5 Levels Brightness / Polarized Light Filtering Panel [Free Shipping],UNBLOCK Tech TV BOX Ubox Gen2 S800_Plus Hong Kong version for Global 1000+ Free Channels,Canvas bags Descendants of the Sun Song Hye Kyo‚Ä≤s Shoulder Bag  tote bag hand bag Stylish  design  ,[Last Three Days!!]„ÄêWeight control„ÄëGNC Total Lean Burn 60 - 60 tablets / GNC Total Lean CLA 90 capsules Lean Burn/CLA 90 Softgel Capsules/GNC total Lean Appetrex Control 60 Tablets,Mirabelle The Shake of Hot Dissolve Fat Cream Sexy Slender Figure Cream 150g
S$33.85,S$79.90,S$0.99,S$29.90,S$0.88,S$17.90,S$27.00,S$36.30,S$59.00,S$0.88,S$28.90,S$19.90,S$3.25,S$59.50,S$55.90,S$199.00,S$65.90,S$69.90,S$59.90,S$64.90,S$39.90,S$98.00,S$10.06,S$79.90,S$9.90,S$6.90,S$31.35,S$9.90,S$6.50,S$159.00,S$19.90,S$165.00,S$1.99,S$11.90,S$31.90,S$0.99,S$45.00,S$29.90,S$36.50,S$13.88,S$0.75,S$26.90,S$4.99,S$9.90,S$18.80,S$178.00,S$129.90,S$22.99,S$19.90,S$3.99,S$11.90,S$6.90,S$9.90,S$16.10,S$29.90,S$145.00,S$39.90,S$18.80,S$0.99,S$17.90,S$3.50,S$19.90,S$9.90,S$9.90,S$4.90,S$3.90,S$8.80,S$7.90,S$9.90,S$29.90,S$1.00,S$1.95,S$6.90,S$64.70,S$10.90,S$29.90,S$16.99,S$27.90,S$19.00,S$39.90,S$17.00,S$16.90,S$39.30,S$15.90,S$288.00,S$4.60,S$29.90,S$19.65,S$99.00,S$19.90,S$10.80,S$49.90,S$17.99,S$19.99,S$50.00,S$38.00,S$35.90,S$13.90,S$10.00,S$27.70,S$7.50,S$8.90,S$49.45,S$39.30,S$17.90,S$3.99,S$163.88,S$105.00,S$114.90,S$17.90,S$16.90,S$8.90
power-seller,Diapers.com.sg,NanoTech,QooLife,13Mobile.sg,SUKINDOUGY,YuYu,All My Stuffs,One Mart,13Mobile.sg,Beauty  Outlet,The 99 Shop,Accessories_SG,J&W Premium and Exclusive,JTBC Group,OnePhoneSG,beautygrace,Estore SG,TV-ADS,Kay  shop,Digital SG,hopemarket,Emperor Brand,Gnomish's Gearwork,Fairy Tale World,MISSBOX,All My Stuffs,Makmur Food Distributor Pte Ltd,HOT_DEAL,Blooming Home,Crystal Beauty,Mybeautystory,TAOZI,beauti_topping,NANO JAPAN,IDEAS FOR LIFE,KA RA ‚ô•,Beauty & Wellness,One Mart,skin story,Accessories_SG,ACEssentials,R&F COLLECTIONS,Beauty Carousel,Emicakes Singapore,Comlor,Beauty & Wellness,Best Price BREEZY,MStore.,NOVA KOREA,Tam Kah,MEXI,Emperor Brand,Spigen Singapore Flagship Store,XIAOMEI.COM.SG,Beauty & Wellness,1st, Hondarly,KatieShop,SUKINDOUGY,Lil Tots Store,QooLife,Emperor Brand,Brand,Jennie Shop,InspireLife,Let's Mary!,Angel-City,OSA Flagship Store,Emperor Brand,mixshop.sg,iProxyLite,D&P,All My Stuffs,MK Digital Mall,TV-ADS,Wangzai Express,NEWSTAR Electronic,Bagus Mart,ISecret ,NEW TRAVEL,Beautiful.Me,NANO JAPAN,Spigen Singapore Flagship Store,Auction Square ,Wanna Be Stones,COCOMO ,Flowith ,Furniture Warehouse,Beauty  Outlet,NEW TRAVEL,YuYu,singsing,Green Earth Organic LLP,NEW TRAVEL,Singapore Post Limited,theplus,ChickenUp,Swift Top-Up Mobile Service,PassionGadgets,CHLOEZENG,SweetangelShop,All My Stuffs,NANO JAPAN,Spigen Singapore Flagship Store,Qxpress (Official E-Store),windamp,GoniGlobal.,Direct-SG,GXM  Fashion&Living,Mrs. Black Rabbit's House,Crystal Beauty
S$5.50~,Free Shipping,S$0.90~,S$3.99~,S$0.90~,S$4.99~,Free Shipping,S$3.95~,S$4.90~,S$0.60~,S$3.99~,S$4.00~,S$0.60~,S$4.50~,S$5.00~,S$4.50~,S$3.99~,S$15.00~,S$6.99~,Free Shipping,S$4.99~,S$9.00~,Free Shipping,S$4.50~,S$4.99~,S$3.90~,S$3.95~,S$3.00~,S$5.00~,S$30.00~,S$3.99~,S$3.99~,Free Shipping,S$3.99~,S$3.00~,S$0.60~,S$3.69~,S$3.50~,S$4.90~,Free Shipping,S$1.15~,S$5.00~,S$0.65~,Free Shipping,"",S$5.90~,S$3.50~,S$1.90~,S$4.90~,Free Shipping,Free Shipping,S$3.90~,S$10.00~,Free Shipping,S$3.95~,S$3.50~,S$4.90~,Free Shipping,S$0.90~,S$4.99~,S$1.70~,S$3.99~,Free Shipping,S$3.90~,S$1.50~,S$1.70~,S$3.70~,S$3.90~,S$1.50~,Free Shipping,S$0.65~,S$0.70~,S$3.90~,S$3.95~,S$0.99~,S$6.99~,"",Free Shipping,Free Shipping,S$4.80~,Free Shipping,S$3.99~,S$3.00~,Free Shipping,S$6.00~,S$3.90~,Free Shipping,Free Shipping,Free Shipping,S$1.00~,Free Shipping,S$1.65~,Free Shipping,S$3.99~,Free Shipping,Free Shipping,S$2.90~,"",Free Shipping,S$1.15~,S$3.90~,Free Shipping,S$3.95~,S$3.00~,Free Shipping,"",Free Shipping,Free Shipping,Free Shipping,S$3.90~,Free Shipping,Free Shipping
S$70.50,"",S$10.99,S$48.00,"","",S$38.00,"",S$99.00,"",S$39.90,S$34.99,"",S$89.60,"",S$238.00,S$69.90,"","","","","",S$12.90,S$92.70,S$15.90,S$11.10,"","",S$69.00,S$279.00,"",S$200.00,"","","","",S$54.00,S$31.90,"",S$20.90,"",S$39.00,"",S$19.90,S$20.80,S$200.00,S$155.00,S$30.50,S$22.20,"",S$13.90,S$12.90,S$19.90,S$17.90,S$36.90,S$155.00,S$49.90,S$28.80,"","","",S$27.90,S$15.90,"",S$12.00,S$6.15,S$20.00,S$11.60,"",S$65.00,"","",S$12.90,"",S$14.00,"","",S$40.00,S$20.00,S$56.90,"",S$25.90,S$52.90,S$17.90,S$325.00,"","",S$23.00,S$179.00,"","","",S$24.90,S$39.90,"","",S$39.90,"","",S$27.90,S$10.90,S$25.90,"",S$44.90,"",S$5.50,S$249.00,"",S$159.00,"",S$23.90,S$16.90
(S$36.65‚ñº),"",(S$10.00‚ñº),(S$18.10‚ñº),"","",(S$11.00‚ñº),"",(S$40.00‚ñº),"",(S$11.00‚ñº),(S$15.09‚ñº),"",(S$30.10‚ñº),"",(S$39.00‚ñº),(S$4.00‚ñº),"","","","","",(S$2.84‚ñº),(S$12.80‚ñº),(S$6.00‚ñº),(S$4.20‚ñº),"","",(S$62.50‚ñº),(S$120.00‚ñº),"",(S$35.00‚ñº),"","","","",(S$9.00‚ñº),(S$2.00‚ñº),"",(S$7.02‚ñº),"",(S$12.10‚ñº),"",(S$10.00‚ñº),(S$2.00‚ñº),(S$22.00‚ñº),(S$25.10‚ñº),(S$7.51‚ñº),(S$2.30‚ñº),"",(S$2.00‚ñº),(S$6.00‚ñº),(S$10.00‚ñº),(S$1.80‚ñº),(S$7.00‚ñº),(S$10.00‚ñº),(S$10.00‚ñº),(S$10.00‚ñº),"","","",(S$8.00‚ñº),(S$6.00‚ñº),"",(S$7.10‚ñº),(S$2.25‚ñº),(S$11.20‚ñº),(S$3.70‚ñº),"",(S$35.10‚ñº),"","",(S$6.00‚ñº),"",(S$3.10‚ñº),"","",(S$12.10‚ñº),(S$1.00‚ñº),(S$17.00‚ñº),"",(S$9.00‚ñº),(S$13.60‚ñº),(S$2.00‚ñº),(S$37.00‚ñº),"","",(S$3.35‚ñº),(S$80.00‚ñº),"","","",(S$6.91‚ñº),(S$19.91‚ñº),"","",(S$4.00‚ñº),"","",(S$0.20‚ñº),(S$3.40‚ñº),(S$17.00‚ñº),"",(S$5.60‚ñº),"",(S$1.51‚ñº),(S$85.12‚ñº),"",(S$44.10‚ñº),"",(S$7.00‚ñº),(S$8.00‚ñº)
"",S$139.60,"","","",S$99.00,"",S$70.00,"","","","",S$99.90,"",S$69.90,"","",S$82.00,S$99.90,S$99.00,S$99.00,S$145.00,"","","","",S$74.85,S$15.00,"","",S$55.90,"",S$29.90,S$46.62,S$69.90,S$70.00,"","",S$68.80,"",S$29.90,"",S$29.90,"","","","","","","","","","","","","","","",S$3.00,S$99.00,S$34.90,"","",S$99.00,"","","","",S$69.00,"","",S$39.99,"",S$110.00,"",S$99.90,S$39.90,"","","",S$36.00,"","","","",S$28.00,S$69.90,"","",S$35.00,S$38.00,S$59.70,"","",S$74.00,"","",S$50.00,S$12.00,"","","",S$120.00,"",S$59.00,"","",S$192.80,"",S$129.00,"",""
"Fast delivery and good product. Thank sellerIts worth the money spent.Fast delivery and works well with Samsung S7Items received in good conditions.Delivery was about 3 working days from purchase. 
Capacity is genuine.
Worked well on PC & phone.
Data transfer speeds was tested using Crystal Mark: 25MB+/s of read speed. Nowhere close to ultra high performance so don't expect too much.
Overall, it is a pretty decent buy.","I always order from them and review was always good. However it was bad this time round. The diapers were not packed in a box but were in loose packets. When delivered all the packaging were dirty with mud and grass. The delivery man must have placed the diapers on the floorI have bought from this seller so many times I've lost count. Cheaper than anywhere else even those baby fair. Wait for time sale n if u can use your coupons, even cheaper! Delivery is fast too. Will continue to buy.Item came about 3-4 days after order. Yet to let baby try out the diapers.Will highly recommend to all. Always buy diapers from this seller. Good price. Delivery fast. Items as good as always.My baby has been using Goon diapers since born and this is like my n-th purchase from this store. Delivery is prompt, quality of diapers is good, and price is very cheap, considering this is Japan version! Will definitely continue to support!","Received it within 2 days after order. Correct colour but yet to try it on yet.Price was more expensive than my last order. But seller was fast and things are packed in bubble pack. Reliable.Lost count no. of purchase from this seller already. Though price is a little more expensive then the other sellers, his protector always delivers out fast and in good quality. Even came with a free gift!Fast delivery. No halo effect but I think it doesn't really repel fingerprint. I've tried other brands with better anti-fingerprint. Nonetheless, it is still okay.Great quality at great price. Will order again.","Item as expected good price happy with it!Price is very good compare to others.. highly recommended.The diaper is as Good as usual.....Received all ok, amount is as in description
This came super fast! And so I have no more leaky baby that sleeps through the night (:","I'm happy with my purchase. Thanks sellerOrdered on 19th & received on 21st.  The speed of the purple fan on the left goes from 3 (weakest) to 1 (strongest) but the green one on the right goes from 1 (weakest) to 3 (strongest) instead.Item came in good condition. Charge for a day and e metal piece where u insert e cable came off. Cant b used anymore cos u cant charge e fan anymore. Waste of money cos quality is so bad.Fast delivery by Singpost. Item quality looks sturdier than I expected. Wind speed is good enough for a small fan. Reasonable price. For those who needs one during this hot season but dun wan to spend too much. You can consider it.3rd purchase. Got some technical issues so went down to change it. A bit troublesome but staff is helpful.
Love the fan. Comes in handy during such hot weather.","Don't think it's authentic Anello bag but I am fine with it as the quality is quite good. Makes a good diaper bag. Really love the light grey color!Bought a total of 4 bags already. 
What do you think?Item is good and design is really appealing and suitable for daily use.Nice colur with good quality.
Fast deliveryFriendly seller, reply promptly to queries. Sturdy material, able to put a lot of things as per mentioned. Comes with free keychain. But delivery was long due to groupbuy.","Tried for around 6hrs outdoor.. can withstand the ridiculous weather pretty well. Face remain matt and not oily. Bought beige (using 21 for laneige cushion) and color was ok.. can try ivory should be brighter. Coverage good for pores but not scars or freckles..The second picture is after I'd gone out for lunch and walked home, and as you can see, I'm quite an oil slick. That said, I didn't put primer, just sunblock, and I didn't set with a powder. I only applied this, drew my brows, eyeliner, blusher, and lipgloss because I wanted to test how it'll hold up. The coverage for this is sheer. Very sheer. You'll need a concealer for your undereye circles, redness around your nose, any zits. It does hide pores really well; I've got massive pores around my nose area, and it blurred them out beautifully. I chose Beige, and even then the colour is a little pale for me (I'm an NC25 for MAC products). After you leave it on your skin for a bit, it dries to a nice non-sticky finish, so technically you don't need to set it with powder. But, given how my lunch-time escapade turned out, I don't think that's a possibility for me. Get it if you're looking for a lightweight foundation with sheer coverage to help blur out your pores. Don't get it if you need heavier coverage and a matte finish in one product.I seriously had a big expectation of this product. This is my 2nd time purchased.
At first, when applied it doesn't feel sticky on my oily face. Light weight on the skin, long-lasting power is awesome & easy to apply.
More important that is really all-day oil control. If you have normal-oily skin and are looking for a cushion to try, definitely check this one out!I tried product. At noon, my face remains flawless, without additional production of facial oil. Recommended for oily skin.Very fast delivery. Hvnt tried the product hope its good. Have been buying from this seller for taiwan product. Reliable seller. Thanks for the samples.","Good, recieved with 4 in 1 packingItem rec in good condition, 3 packs of 62 pic in one carton box.Items are ok but delivery took about a week to arrived. Suggest plan & buy earlier before you run out your stocks. Price is higher than another seller & delivery also coming later than another seller. Need to improve on these parts.Item itself appeared to be satisfactory. But delivery took about 5 days. A little slower than I would have liked. Delivery man also seemed very confused. Called me twice but did not say anything. When I called back he just didn't know what my delivery was. Head scratcher ...Frequent purchase ... Nice offer .. Thanks","Goods received in good condition.  Making first coffee this morning.... yummi16/4 order, 19/4 already received. Thanks seller. Haven't try don't know can last long maDelivery was quite fast, item was in good condition.Now I can get instant coffee without a need to boil water. Family also like it too.My family likes it so much that I have decided to buy a third one for them :)","Good good good good good good good goodReceived the item on the 21st April. So far the cheapest buy 1 get 1 for free.Ordered three blue color but the delivered items are green, black and white respectively.Fast delivery and good .. ggggggggggg. Will buy again...Fast shipment, good quality","A bit pricey. Let's see how it goes over the long term.Good product like it so much it works. .......
Highly recommended. .OOught 3 bottles to stock up. Very good produxt. 1 bittle lasted me several.months....Was on group buy plus coupon quite worth it... but its not the cheapest I've gotten before... worth it only if on sales..good product but it will be better if the price is cheaperVery happy with their fast delivery. Yet to try the product. If the product is good, I will definately buy from this seller again.","Item received fast and in good working conditionWow, great 4port USB for me to charge multiple device at the same time. Thanks sellerseems good quality and still testing now.Recived all as said yet to try overall good mite shop here againÂ•ΩÂ•ΩüëçgoodÂ•ΩüëçgoodÂ•ΩüëçgoodÂ•Ωüëçgood","Order the mouse on the 14th and received it today. Tested and working.  Item don't come with box, just bubble packed inside an envelope.  Don't see any brand name that related to my order that is printed onto the mouse. Ya...no RAPOO brand is printed.Loved the silent click mouse, very precise and great to use for gaming since its nicely designed to fit to the hand.This mouse sucks because it drains battery power. I used a fully charged battery and used it for only an hour and the battery was totally drained. Also, the mouse is not ergonomic; it is humped too high and cramps the forefinger. A waste of money. The delivery was fast though, only took like 4 days.Dear seller,

Received the items in in the mail good order y'day evening. 

I ordered the items on 7 apr n only received them 12days later. Base on shipping info, it says average delivery is 5 days. You may want to change that average.

As for the quality, the ironman mouse works fine. üëç

However, the 3500 ultra slim wireless mouse has very poor sensitivity. Tried using it last night and every other time I had to move the mouse more than once to move the arrow on the screen. Gave up n reverted back to using my previous wireless mouse.Delivery was fast n the mouse is working well. I'll order again","Received in good condition. Worth the price. Also fast in deliveryReceived in good condition. Only downside for me is the channels. There is no local channel and some channels may not be playable.

Overall it's still acceptable.
Item received in neat packing. Have not try the 2 set hopefully it work well.Easy to set up.  Received within 3 days from ordering.No bad, but it all depends on the internet connect speed.","Cute phone,good for old people.Easy to use üëçüèª....","Very fast delivery. Haven't open up, hopefully everything ok.Took more than a week to arrive as it was out of stock. Seems to be working well so far, good value for moneySatisfied with set, complete set with sealed. Tested the unit, fast and responsive. Except for the very slow delivery and slow response, the deal was smooth :)Well packing and cheap priceNegative aspect: Did not receive item after a week n upon chkg seller said it's out of stock but will expedite when stock arrives. Wld hv appreciated if seller has advised out-of-stock status instead of waiting for me to ask.
Positive aspect: Well seller was responsive to my queries n kept to their word - they expedited my delivery as soon as their stock arrive. Got it the following day, a day ahead of their est delivery. So all's forgiven. 
A good tablet. Value for money. Thanks.","First time buying. Product received fast and good. Surprise to also received free gift. Thank you.Purchased this together with a leave in conditioner, which seemed to be in used condition (see picture). This conditioner seems fine, but I don't have confidence in how new or authentic the product is.Delivered 2nd day after order. Hope product is effective..fast delivery. gd condition. tried before n really reduce frizzNicely bubble wrap.  Received in good condition. 
Repeat purchase.  Cheaper than outside retail price. 
Will continue to use n buy from seller when required n hv good offers. Quick n prompt delivery .
Thank you.","","Delivery very fast and got item in good shape.. :) quality great as well.. :) happy feet.. :)Lurve the foot massage.. can really feel the massage.. although it considered cheap for the price.. very worth it.. intending to buy 1 more for my partner..Very good item fast delivery will buy againuseful machine when your feet is tired.I would like sell away my red foot massager at a cheaper price. 
I felt the massager not strong enough for me. 

Used 1
Condition 10/10

Interested buyer http://carousell.com/p/47230892/","Parcels were received in good condition ang nice package. Shoes are worth buying...Bag received with good condition,  but there are some  scratches found on the bag...this could be the reason why it is cheaper...overall good buy;)","Super fast delivery and item arrived in good condition.Fast delivery. Good bass and sound. Worth the price just that the button only for puase and play. No nwxt track for music
Received in good condition.good price..Quality gd bass gd price ok.","Bought 5 pieces pots,delivery about 1 weeks n it's cheaper than shops...ty seller üòäüëçüí∞Good received in good condition. 2nd buy for my mom. The parcel is well pack.Is so much cheaper than getting it at shopping mall
Try to boil the water N water do NOT overflow when it boil after u cover the lid!
I'm happy with my purchaseWelled received, fast delivery. Thanks sellerReceived the items one week after order. Great products and well packed. Items made in Korea. :)","High quality Hashima at bargain price. I bought 10 sets, 5 for myself and the other 5 for my mom. I eat Hashima regularly to maintain smooth skin. I consider this Hashima as high quality range!Good. Will buy more during promotion again !Just like to eat hashima no matter hot or cold weather, good for skin, and price affordable.receive in good condition, yet to try, this's second purchase, believe that the quality same as first time purchase.Like hashima very much, has eat for many years, worth buying","",Good material! Arrive on time and responsive to my queries.,"Delivery is really fast, hv yet to open it..This is my second order for friend, Thanks seller.Loved the quality and designOrdered 5 and all are nice. Soft material and comfy to wear. Should order 1 - 2 sizes bigger.  I used to wear L but i ordered 2XL and it fits me well.Received in a week. Quality is satisfactory. But fitting is subjected to design. Such as design in attached photo, suggest to order at least 3 to 4 size larger than physical measurements.",Good good good as per normal vry satisfiedTook about 3-4 days for delivery. Quite happy with purchase.Recieve it fast and good. Repeated order. Keep up the great work.Good quality. Cheap. Worth for moneyDelivery took a week. Good price though,"Now my supply of fruit vinegar are fully replenishedIt is time to replenish my stock of fruit vinegarReceived nxt day. Good service call b4 delivery. Have yet to try but overall good buy.Impressed with the fast delivery..
Will buy again for family membersOrdered the night before, received before noon! Yummy, refreshing drink.
Thank you seller;)","Delivery takes a bit long, but items received in gd condition.Ordered and received 1 week later. Tested and work well!Great product. Would be even better if there is a lanyard.Im not around when item delivered. I checked the delivery detail when i back & it stated item rcvd by Ken2. However i found the item in my letter box.Item deliver very fast,thank you to seller will order again next time...","Very Unique style. You can recline back part and the side part as well. I got a product in good condition. Color is very nice and leather is good for the price. Delivery was quite fast even its sofa. surprised. will recommend!it is comfortable when i tried...
it can be a sofa or a bed OR even a couch...
never thought i wud get this kind of item at reasonable price...
it is good to know that cover can be washed..!!
Thank youuuu!!",Ordered last Friday and received on Tuesday.... fast delivery... good received in good condition.... have not try the product yet.... hope is good... =)üòçüòçüòçüòçüòçüòçüòçüòçüòçüòçüòçüòçüòçüòçüòçüòúüòúüòúüòúüòúüòúüòúBoth packaging look alight but yet to try out! good & fast service ..  üòÄReceived well and fast! Second purchase. Super love this shampoo. Awesome!Received in good condition thanks,"Have been purchasing from seller all my SK-II products for me and my mom. Seller never fails to deliver!Delivery very prompt and nicely wrap. Manufacturing date is 2016 very happy Thanksreceived in good condition and product looks authentic. SatisfiedSeems authentic. Will buy again.Multiple purchase, works on my skin.","Looks to be correct size yet to tryDelivery was fast item in good condition highly recommended... Ordered again for my second purchase... Thank you seller..two thumb up..üëçüèºüëçüèºWell wrapped..recieved in good conditionSeller was friendly, responsible and made speedy replies when he forgot to send out my item. Item was sent out immediately upon realizing his mistake. Quality of the protector is good.Fast delivery. Item of good quality. Recommended!","Didn't know that cushion is kind of Bb cream in compact case, and not face powder. Find this deal before the laneige cushion deal which is more popular only with slightly higher price ):
Overall product is OK.This isnmy 2nd purchase..the bb cushion really works wonder..high coverage.. but a bit dry if i use e bb alone.I love it..  This is wet type for coverage, it feel gd & easy to put on ...Good quality product. Come with a pack of shampoo.Heard so much good reviews about this and wanted to buy one to try. Service was super good and seller answered all my questions so patiently and nicely. Price was good and worth it. Color seems to suit my skin tone, although has a more rosy pink tone compared to Laneige #21. Hope the oil control is good for Singapore weather. Highly recommended!!","Item received within 3daya after orderingOrdered Nano collagen and royal jelly N times,Detox & Cleanse is the first time, inquiry from 18th April till received parcel still not replied !Ordered on the weekend and received on wednesday. Have not tried the item so can't comment on taste. Very disappointed with the price as the price now dropped lower than the initial launch price..feel abit cheated as I purchased 4 tins to support seller as I recently tried the collagen and royal jelly which was good. I thought seller would give a good discount during the initial launch to reward regular customers who try out their new product but never expected price would drop another $4 per tin on the day I received my order...I bought 4 tins, so total of $16 is quite a significant difference. :(

Edited to add:
To be fair to the seller, a free bag was included with my order (long champ look alike) so that probably explains the extra cost. Items are also always neatly packed and care was taken to include a scoop with each tin of shake. The tins are made of metal, and are quite small, but packed quite full. Love the compact size. If the nano collagen could be packed in similar tin would be great. 

Tried the shake, and taste wise it is like banana+orange...tastes like fruit juice so quite palatable. Slightly sweet so probably better if mixed in milk than just water.
ÂåÖË£ÖÈùûÂ∏∏ÁöÑÂ•ΩÔºåËøòËµ†ÈÄÅ‰∫ÜÁ§ºÁâ©ÔºÅÂ∏åÊúõËøô‰∏™‰∫ßÂìÅÊúâÊïàÊûúÔºå‰πüÂ∏åÊúõÂçñÂÆ∂‰∏ÄÂ¶ÇÊó¢ÂæÄÁöÑÂ•Ω„ÄÇ","Order on 20 Apr, received on the next following day, all the 3 cables is in good condition, will buy from the same seller again.Items delivery was fast and Speedy.  Have not tested the items but I purchased the 3m long cable.  I hope it works.Have not tried yet and like the quality of the cable.Delivery was fast and cable works so farItem received in good working condition for my iPad.....will order again if good after trying for few days.Thank You!","good straightening cream and not damaging at all! hair turn out nice and straight. need quite some time, so better to do in open space and not in enclosed toilet and breath in all the chemicalItem deliver very fast. Very good buy...Thanks seller for the services and able to send the product to me asap... 
Seller packed items neatly in a box with very clear instructions. Easy to use but for stubborn area, use a straightener will give better effect. Save more time as compare to rebonding at a salon.Fast delivery. Thanks seller for the instructions. Yet to try out hope it works.","Items received within 3 days after orderingHave tried. Very nice! Will get more if having time sales. Currently pricing is similar to those sold in store.Me & family have tried & we like the taste very much. After drinking, I feel very full. It's good for me as in my busy schedule I sometimes skip my meal. This product will definitely give me all the nutrients I need. Awesome!!Item well received... But i am wondering how come the free gift expiry date has been amended using hand written?? Is the expiry date over ?Just recieved yesterday evening n hv try it with lukewarm water.  It's tasted nice, next time I wl try with cold water,  might be more nicer","Fast delivery. Will order again hope more promo thanksOrdered on 16th and received it delivered to house on 19th April.Cheaper than supermarket. Quality just as good.received in good condition . thankReceived diapers in 4 days from day of order. First time ordering from this vendor. Yet to use diapers so can't comment on quality. noted tt diapers made in indonesia, not Japan.","I have been using this product for few years. It eases bloated tummy and improves constipation. It does help to slim down for few kilos. I did stop in between some time and have tried other more expensive slimming products when I get a little bit out of patience for faster results but it all seemed to waste money. I have return to use this product again as it is more practical ,pleasant and realistic for overall results.highly recommended, but don't expect immediate results
It helps u to cut the carbo intake, with the help of some diet and eating right plus exercise u slim down in no timemake you less bloated! Effect is slow but workingHopefully it works for me. Fast & Speedy DeliveryGood deal & customer services. Hope it works for me. Thanks seller for the free gift.
rgds","love the product and recommendedCan't remember how many mini fans I have bought from this seller alreadyüòÑ. This time buying for a friend.  As usual, thumbs up to seller üëç w/o disappointment.  Very practical item as the weather is terribly hot.The battery came with it is lousy, looked like chemical leaked out (see my first picture), although it works fine but not sure with this quality how long it'd last. The fan is light and easy to install with the thin wire clip, however the wire clip is a little flimsy and  needs to apply pressure to secure it a little better, but cos is light so it can be clip on the baby pram cover, wind is quite strong when turn to the maximum strength, overall not bad at this priceI have tested out the the fan, the performance is better than I thought.
as advertised, the fan really produced very strong wind current.It's my 2nd purchase. Though the price is slightly higher then the older design, quality wise seems much better. Just that the on/off switch is now a button instead of the wheel thingy. Would prefer the wheel thingy, at least it's not that easily triggered.","Nice, lightweight and fast delivery.Item received within 2-3days.Item received within 2-3days. Tried but could be really feel the difference. Maybe have to use over a longer period.Items received in good condition, useful product. This is my third time purchase.Nice, fancy, Pretty and lightweight, good buy!",Nice water proof material.  Looking forward to use it for my next travel.Goods received in good order. Worth buying and quality is not bad.  Thanks seller for the prompt service and fast delivery. Happy with the purchase :)Received items in good condition.Received item in good condition.Good quality and nicely packaged,"I received in good condition and not yet try.
Thanks seller.It's really fast delivery but the pen seem without ink. Tried shaking the pen yet it's still seem invisible.Fast service and item was in good condition, fast delivery too. Will recommend to my friend n purchase another one. üëçüèªHave not try yet, so can't comment anything. Based on the review seem to be of good quality, I have tried the product at Watson store, seem good.Satisfied with my purchase. Cheap and value for $","Ordered the first cake D24 fantasy but was given Oreo instead as was told the D24 fantasy was all given out and the headquarter didn't send the correct amount of D24 fantasy to this branch. I bought emicakes product many times from Q00010 and never experience such hiccup before. Called the headquarters and was able to change the 2nd order from Oreo to D24 fantasy.  Thank you Ms Julien for the great help.Taste quite good. Fuss free redemption.Very nice !!!will buy more next timeVery nice cake and a very good offer, will buy again if there is an offer.
A very good offer, will buy again if there is an offer as good as this.
","Been using for a couple of days.. so far so good. Managed to download goggle svcs n playstore via baidu. No issues n relatively easy. Considering that i was a previous apple user. Quite user friendly too.  Only issue is leather case i bought, instead of red, it was more of fuchsia pink. Should have stayed with black.Received very fast very good product.Neat and compact - easy to useOrdered on 4 April but received on 15 April. Phone otherwise seems to be working well at this point.Gotten this wonderfull device for mum","Efficient and good service.Delivery in 2 days' time.  Good condition and quality, recommended!First purchase from seller. 
Been drinking other Brand collagen. Have yet to tryTHANK YOU FOR THE FAST DELIVERY! PRODUCT IS AUTHENTIC AND SELLING CHEAPER THAN OUTSIDE RETAIL STORES! 3RD TIME ORDERING.Good product,  can see the result by 2 weeks.purchase 4 box more to keep stock.","Items received in good condition.  Price cheaper than outside, looks good and happy with results.  Thanks!if u wan a better contrast can buy maxi red...dear pink colour is close with maxi red wan but din really see the contrast effect. Delivery took two days and well packed üòä
But Q express just left the parcel outside of my door...no prior notice at all....which is kind of not acceptable, if ur housing area a lot of ppl walk by, high chances of parcel lost la...other than that I'm happy with the purchase :)Recevied them on the third days with free samples. The quality of the lipsticks are really good. And the colours r exactly the ones i wanted.Delivery time was acceptable, can't comment much about the pigmentation and gradient effect as i haven't tried it out but I'm  excited to!Fast delivery and love the colour ... ‚ò∫",Good purchase. Will order it next time.The quality is good. I feel comfortable when carrying.recommend.,"Recommend - does not feel the heat so far and too early for other commendsYet to try it but the delivery experience and price are goodReceived items in a week, 2nd buy. Hope this is as good as the previous onesreceived in good condition, in overall satisfied with the process till item received even though it takes longer time than my expectation.V fast deliveryyyyyyyyyyy","","Disappointed with the items bought. The sizes very weird. It's big on top but very short in length. The size chart not accurate. I bought 2 size bigger but 2 just right only short and the other cannot fit at all.4 items Received...2 are ok but the other 2 are slightly small for meThis  time not really good service...thanks seller can refund to me...Received in good condition. Love them all. Thank you seller!Order five piece ,all fits well and loves it. Delivered when i was on holiday oversea.","Best deal in Singapore, buy 3 at once, used to soak in wine. Effectiveness double up, good product.Very effective, especially for man over age 50.Just would like to comment that it does IMPROVE his performance by A LOT!! Very effective and durable, just need a few pieces is enough to experience the differences. Thanks.Good ! Will buy more during promotion again.slowly i can accept the bitter taste. i will maintain it because is good for my paralysis. now is improve.","Fast delivery. Came 2 days after orderingThe item is received in 3 days. The only problem is the case did not cater for screen protector. It burged out at the edges after fit in.Received 3 days after ordering. Seller was prompt in replying my query. Well packaged, good quality, satisfied! Highly recommended :)Item received box condition abit crumble but content was not damage. Delivery was fast.Fast delivery item was received in good condition. 4th time buying from seller. Worth buying will continue to patronize seller (:","Item received in less than 3 days upon order. Very satisfied with product, price and service! Thank you!Look and smell authentic. . The delivery is fast too.  Will buy from seller again. Still waiting for the restock gor the ladies issey.Received within few days. fast delivery. Will purchase again. This is my second purchase alreadyVery nice packing and good quality, buy again for my friendsVery nice packing and good quality, buy again for my friends ...","Good price............Received in good condition. Fast deliver.Delivery is very fast. Good prooducts. Will reorder again. Reliable seller.Received this item in good condition and in good packing.Prompt delivery, value for $$, üëçüëçüëç","Received item in good condition and very quickly! Item is as described!received the item in less than a week, well-packaged & genuine.Item received in good condition. Recommend to friends.Genuine product from Samsung. Works wellThe fast charging pad is working well and i like it. Delivery is fast and good!! It's is authentic from Seoul!!","So far works well. 

Have not compared to manual BP machine to see if accurate.Received in good condition. Blood Pressure Monitor operate easy and hope it will last.Item ships fast and for this price this is worth the buy. Highly recommended.Glad to see this offer, affordable but delivery took 1week. Easy to use and will recommend you to buy.GOOD BUY! GOOD BUY ! Accurate.....Value PLUS! Best Useful Gifts for Senior Citizens. Thanks.","Love it so much. Nice material. Got 1 free with 7 purchasedPrompt delivery and good priceCheap & good buy. Items are same as picture shown.The cost of buying the socks is at least 3 times cheaper than buying from shop and dekivery is within 3 working days.This is my second order from this seller.
Ordered on Sunday night and got my order on Wednesday.","I hv received my order... delivery took abt a week.. im really happy with d bag... tho it is small nut its enuf to put d essetials in..I bought a small and a large one. I like the latter but my complaint about it is that the zip is not easy to execute with one hand because of the design - the zip is long and folded down to both sides. Other than that, I like the shape of the bag. The large one can be used to hold documents. I will use the small one for lunch trips and for weekends.Delivery takes quite awhile to reach me.. Bag S is a right size for me, not too small but big enough to put all your necessary things inside. Seller is kind enough to give a free key  holder. Tq.yestantday shipping out the item. Today I receive it.
Is good and fast.



                       Thank you.Just what I am looking for. Good quality, smooth zipper. Love it so much","all these brands I used to buy for my kids since they were just little babies, I bought many sets for them, they extremely like the material made & the cartoon printed very much.Items received and satisfied with it...will purchase again with the seller :)Bought a few times from seller. Designs are cute but new designs are updated rather slowly. Material is good for some, but thin for others, depending on the brand. Will buy again!Do not know how many time bought from this supplier, because the price or the quality are worthy. Plus have free give from supplier. Thanks sellersFast delivery. Reasonable price.  Items in good condition. Satisfied with the  quality. Size 7 fits my 6 yr old girl nicely. She's of medium built. Will buy again in the future.",2nd time purchase. Very cheap too.Place order and received the next day...fast delivery ...will place order again.Items received. Thank you very much.Fast delivery........cheaper with couponIt's more for the convenience cause it's about same price as ntuc with a promo they are running,"good for eyesight and even joint. use to buy a lot from Hong Kong but don know how to cook. powder form is more easy for daily intake.My grandma's generation herbs, I never see this before but my ah ma say that is good for skin, good for eyes, good for body, youngster all don't know~~~ so I buy for her since so good deal.Only $9.90 per bottle, collect at Thomson Plaza, staff serve hot tea, very good service.For tea purpose, to brighten eye, too many 3c device nowsadayacceptable smell, no need to boil. can drink everyday. cure cough fast.","Fast delivery! Bought for a friend and she was happy except that the plastic measuring cup was broken when received.Item is delivered faster than expected.  Nicely pack but hasn't used it yet, hope it's working.Bought as a gift. Tested it n it lights up. Hope it works when used. Handy n good buy.Payment made on 18 Apr and item received today 20 Apr, very fast delivery.
Has yet to check/test.Ordered Friday night, item received on Tur evening üëç very nice and handy!","Great top! As shown in pic!items recd on 7th day. material is good but size is way too big.Ordered few times. Items measurements are never accurate. Usually length shorter and bust measuresmt smaller. Once 7cm bust difference (v2096)!  Thin material. Sewing so so. May not buy again.Fast delivery and nice clothes  .....Order on the 17/04, received on the 20th, fast deliver for normal singpost, quality not too bad, but sizes are a bit too big for me (pic 3).","Very happy with purchase, wind was strong for a small fan.Fast delivery. Product is in good packaging. Satisfied with the service.Very well wrap. Very good product strong wind. Highly recommendedÂïÜÂìÅÂìÅË≥™ÂæàÂ•ΩÔºåÈÄÅË≤®ËøÖÈÄüÔºåË≤∑ÈÄôÂÆ∂Â∞±Â∞ç‰∫ÜÔºåÊúâÊúãÂèãÈúÄË¶ÅÔºåÊàë‰∏ÄÂÆöÊúÉ‰ªãÁ¥πÈÄôÂÆ∂Nice strong fan will buy more","Hangers were well packed. Cleaner,cheaper and better quality compared to the hangers I ordered from another supllier . Highly recommend.Items received in good condition, delivery very fast.Fast delivery nice colourVery fast delivery. Will test the hangers soon.Very fast delivery and products were wrapped nicely.","","Delivery was fast as received the items in about 1-2 days order. But was disappointed as I didn't receive the batteries after paying $2 for the 2 X triple A battery üò¢2nd purchase. this time buy 4 & get 1 free. no doubt it's a good product and fast delivery.Seller was patient in advising how to use product. Item is auto sensor and Super 'smart' and only activates when it detects darkness, saves battery as such. 

Pity I only got 1 Rechargable version for clover, as the other design did not offer a Rechargable version.

Would recommend the back light clover for mood lighting, but for 'brightness' the egg shaped front lighting is more functional - as my elderly parents needed to see the way to bathroom at night :)Received the item in very good condition. It's small and soft light. Love it!Item arrive within 3 days. Quality good. Have not tried it. Have to charge before use.","Prompt delivery and good communication. ......but look like normal bird nest. ... thkq!Emperor Brand! 
My 1st choice for bird nest for postpartum recovery! 
Excellent quality, friendly sales personal and reasonable price!Tried it it's not too sweet. Worth to buy since there is promotion.Considerably good buy with one-for-one.
Look forward to better offer.
Self collection was a breeze.Nicely packed but did not try it as it is for a gift","Item received. Fast! I ordered it and received within a week. Strongly recommend!Look good and receive within a week.Fast delivery and nice items! Recommended!Took a week to deliver into letterbox, free shipping for purchase above $10. Nice accessories.Fast delivery. Well wrapped. Thanks for free gift","Item arrived quickly and in good condition. For the price paid, the case received is reasonable. However, we did not receive the free screen protector. The seller indicated that a free screen protector would be included depending on availability. At the time of ordering, there was no notification that the free screen protector is not available. If the free screen protector was out of stock, we would have taken the opportunity to purchase one from the seller at a discounted price (add on with the purchase of a phone case). Now we are left with no screen protector and no option to purchase one at a reduced price.Good fit. Good price...Quality considered ok given the price that i paid. Delivery is quite fast and seller gave a free screen protector. if theres promotion will buy from seller again. 
Good quality, value for money, cover fits perfectly. fast delivery. Comes with free screen protector, would be better if the phone cover covers the top and bottom part of phone fully. see pic 2okokokokokokokokokokokokokokokokokkokokokokokkokokokoko","Received item will Oder again ... Fit perfectlyThanks, not bad, cutting a bit loose.Items are correct and well recieved.
True to picture and comfortable.Received... thank you very much.....Items received correctly but some of them are too big. Fast delivery. Will order again","Good value for money when used with coupons and q-points. Otherwise only marginally cheaper compared to retail priceExpensive unless coupons are usedFast delivery and very worth if use coupon!Ordered item on 18/03/2016. Item came in a parcel via courier on 23/03/2016 and in good condition as shown in the pictures. Overall, good purchase with great buying experience. Thanks seller and thumbs up ;o)Delivery took approx 1 wk. Good price plus delivery without having to carry heavy loads",Item received in good condition. Have not yet tried using. But should be fine I guess. üòÅValue for money. This is my 4th purchase of the same item and I'm satisfied every timeThe item is okay. Haven't test the battery lasting. Hope it can last long enough.Item delivered as shown. Easy to used. Thanks alot.. will purchased more in future..Highly recomended very clear and value for $$$$$$$$,"Despite box size, the item is delivered within 2 days of order.
Received and functioned as advertised.
Used almost daily, so far satisfied with the function.
Only issue is with the sound of the spring that being stretched. Guess can be lubricated with WD40, but cannot find a way how to do it.
Item well received and try it without any problem. Good buy, highly recommended.Machine quality is good given the low price. The tension strength is acceptable for female use. Big size muscular male may like me feel so so.Received item 3 days after ordering. No assembly needed. Tried & love it soooo much. Was nvr able to do sit ups but with tis, it's such a breeze. üëçüëçüëçFast delivery but product spring noisy.","Gyoza & spring roll taste good. d rest are norm. Milk tea nice. 
Not bad , not so crowded . Nice food . Good service .Eat this afternoon n advance aday msg booking . Food is acceptable, not much items to choose .Repeated visit. But Dim Sum standard seems to have somewhat dropped... No complaints for the price paid though :)Good food but hard to reserve seat, keep saying fully booked but only a few tables occupied when reach . Buy at own risk","For 10,000mAh its reslly much lighter than previous model. Nice deep grey colour tooÊúçÂä°‰∏ÄËà¨ ‰∫ßÂìÅÁöÑËÆ§ËØÜ‰πü‰∏ÄËà¨ ÂèØËÉΩÂ∞èÁ±≥ÁöÑÂÖ¨Âè∏Ê≤°ÂëäÁü•ÂïÜÂìÅÁöÑË¥®Âú∞ÂíåÂäüËÉΩÂíå‰∏ÄËà¨ÁöÑÊúâ‰ªÄ‰πàÂàÜÂà´ ÊâÄ‰ª•‰πüËØ¥‰∏çÂá∫‰ªÄ‰πà‰∏úË•øÊù• Êãø‰∫ÜÂÆöË¥≠ÁöÑ‰∫ßÂìÅ‰πüË¶ÅÊèêÈÜíÊâç‰ºöÊãø‰∏™Â°ëÊñôË¢ã  Â∞±ÊòØ‰∏ÄËà¨ÁöÑÂïÜÂÆ∂Âêß ÂÜçËØ¥ ÂïÜÂëò‰πü‰∏çËÉΩÂ∞±ÊãøÁùÄÈ°æÂÆ¢ÁöÑÊâãÊú∫ËøõÂéªÂäûÂÖ¨ÂÆ§Èáå Â¶ÇÊûúÊúâ‰ªÄ‰πàËµÑÊñôÂ§ñÊ≥Ñ Â∞±ÊÑüËßâÂæàÊãÖÂøÉ‰∫Ü",This is my 2nd purchase. This time bought all same flavour. After using it feel freshing and can feel the cool mint.Each bottle is wrap with bubble wrapping.  Highly recommended! !cheap and good. also fast delivery.seller bother to wrap each bottle with bubble wrapping to protect the items. Kudos to the seller. It shows he/she is responsible and meticulous. As buyers we shoulnt only know how to complain but also know how to compliment so that seller feels rewarded and motivated as well! :)Fast delivery with very meticulous packaging. Highly recommended!!,"Wasn't expecting a lot from a box costing less than $100 to provide entertainment like movies and live sports without lagging, hanging or even blacking out. However, it proves me wrong and is surprisingly good. I am using a 300mbps and a driect lan cable though. :)Recieved 1 day after order. But need sometime to get use to it. Works!Item came in proper packaging with bubble wrap. Had installed my own repositories and added free to air channels from both Singapore and out of the country.. 

Added my very own hosted sports channel and works well even with 2.4ghz wifi.. No buffer issue..Super fast. Ordered on Sunday and reached me on Tuesday! Easy to set up too. Thank you!Well guys if you want your TV to smart then go for this kodi works well. But should not upgrade the firmware. Installed some apps for Indian channel like hotstar and ozee also works fine. The first box failed to work went to get a replacement. Hope this last for 3 months... :) note the box will boot slow and please don't try to open too many apps. Know problem with this box. Ccloud TV does not work. But who care kodi has the same.","recommended by friend to buy from here as cheaper. email received within a day. can use coupon to make it even cheaper.Very good deal...Highly Recommended. Value to Money and very fast service. Have already got 3 friends referred and bought the same. And will buy more from the seller.this is my 2nd purchase and the service good as the first time. will buy again from this seller in future.seller reacts fast after orders received by them. these days qoo10 delays orders and u wont be able to tell when orders are accepted even after payment.Bought the tkts in the morning and used them in the afternoon on the same day , recommended","Very fast delivery and reasonable prize. Cheaper then retail prize.Received in good condition and fast delivery.Expiry date is Nov 2017 and haven't try yet.Very fast delivery. Have not tried. Hope it's good.I have yet to try this out, hope it's authentic as what seller said. I am a great fan of this product, even dermatologists use it on their clients. It's very effective to wipe the oil off your face when you wakeup in the morning and the dirts & makeups(not for waterproof mascara though) at night.Reasonable price and the best part is that the items arrived within few days!!!","Fast delivery with item in secure packaging. There's free gift of LKY car decal which probably I will use also,  lol.  Haven't try out the item yet, hope will work as advertised.Delivery within one week, item nicely packaged in box with lots of fillers. Hope it works! Will add in my kids' milk.Items were well packed in a box surrounded by foam. No damage at all. The styrofoam makes it hard to dig out the items though as the foam tends to fall out when pulling out the items. Seller had initiative to combine 2 of my orders together even though I ordered in seperate carts and did not make any request to combine. I can't comment on effectiveness as it is the first time I am trying this product, however, taste wise, it tastes like dilited vinegar when I mixed with abit of water. My 5 yr old drank it, but for my 1 yr old I had to mix it with some yakult to make him finish it as he felt it was sour after the first sip.I ordered from them last 2weeks now i order again they haveing a promotion cash rebrate $5 for mother's day 
This product tried for two months really can workBought for my daughter who just started child care this year. Finishing e first bottle n buy more since so far seems ok","Absolutely love it... My Favourite case so farTrusted the seller this is the 2nd purchase as the previous one turn from Tiffani blue Colour till black due to heavy usage so order the black one this timeLooks good and easy to installPretty good packing and product! Ordered on Friday and received on Tuesday...
Checked originality at original.spigen.com
High quality and cheap pricing","Items well received. Prompt delivery. Thank you very much.Self collected. staff friendly and accomodatingGreat phone from xiaomi. Affordable. Recommended.Very fast delivery within 3 days and everything in good conditionItem received in good condition.Fast local delivery service. Has been using for 2 days, so far so good. Tks.",Looks nice..received within 4 days can't wait to try it onË¥ßÂìÅÂØÑÊù•ÁöÑÂæàÂø´ÔºåË¥®ÈáèÁúãËµ∑Êù•‰∏çÈîôÔºåËÄå‰∏îËøòÈÄÅ‰∫ÜËµ†ÂìÅÔºå‰∏çÈîô~Products are nicely pack and good service. Get free gift too.... :)Very happy with my order. This is my 2nd order.The earrings are so cute!,"Repeat purchase. Boxes were dented but they're not for gifts so it's fineI'm repeat customer. I love Neogen products & seller Cocomo provide online. All new products expiry Y2018 & Y2019. Rose water & foam cleaners very refreshing, Bio-peel provide smooth skin, Glacial mask gives clear skin. Such beautiful organic spa at home. BC Stick provide good coverage and I'm using medium colour.Received in good order. Tried last nite. Hope they workFast response to queries. Reliable seller. Gd productsFast delivery. Thanks seller for the free gift. Hope it works well on my sensitive skin.","Received quickly but not used yet.Second time ordering. Good quality thick wet tissues. Highly recommended.Delivery and service was fast, many times purchased the wipes.Item received in good condition.Received in great conditions, thickness of the wet tissues just nice, value for money. Recommended :)","Service is good. They call me prior delivery yo make sure I'm at home. Items r well received. Will recommend to others.Well rced in fast delivery and service are goodWonderful experience buying from this Seller.  Ordered on Monday & delivered to tenant on Wednesday.  Product looks good.  Thanks.Value for money.  Hope it last.  Using it for rental room.Received the wardrobe today
Fast delivery","fast delivery... looks good... yet to try....Fast delivery with gd condition. Seller has attached a piece of instruction list how to use the product. Tried no oily absorb fast. Will buy if got gd resultItems came .have not try yet . Hopefully it woks for me. Thanks sellerOrders on Tuesday and received the item on Thursday.  Fast delivery. Tried the product twice, it seems working. Will review again after a period of time.Well received and I have tried for few days, have not yet see results.","Seller is super nice and prompt in replies. Will buy more next timeVery convenient and fast delivery. Will order again in future.Very convenient and fast delivery. Will order again in future.It is very easy to use. Received the e ticket the same day.Very fast reply, ticket is cheap, very good service üëç","Item received within 2 days after ordering. Most of the expiry date is until 2017Fast delivery, received it within the next day!Not bad not bad not bad not bad
Not bad not bad not bad not badSeller is really kind to send me a free gift!
Tried the item & it taste ok. Very healthy drink!Drink without sugar look healthy. Suitable for me who don like sweet drink.will try order other flavour",Ordered 2 boxes and it was quite a good deal. Will order again when it's on sale.Packed in the box with a free giftItem received but yet to open n try it's qualityPrompt Delivery in Good Condition Great Buy!Second time purchase. Like the fast delivery. Thanks,"Delivery within 2 days! Good. 2nd buySeriously can't find 1kg chia seed for under $25 elsewhere. Can't say it's tasty since there isn't taste, but just as good as the expensive ones u see in supermarket. Overall good!Resealable pack - very convenient
Fast deliveryNot my first purchase, delivery as usual very fast but 2 packs were alittle torn and some of the content were spilling out of the bubble wrap after the first wrapper was cut open, overall the whole purchase process was great, will continue purchasing from seller, Thanks seller for providing this service.Very fast delivery.  Items look fresh. Thank  you.",Much cheaper than buying directly!Fast delivery. Able to enjoy more discounts than purchasing from the ticketing booth with Q points and coupons.Fast delivery. Able to enjoy more discounts than purchasing from the ticketing booth with Q points and coupons.Very convenient for e ticketMsnansnsnsnsnsnskskss,"Revert back to old smartpac. The new box with the tear off strip is all breaking off after folding the box for taping. Lousy design.Fast delivery via registered mail by SingPost. Boxes received in good condition! :)Delivery took more than a week this time.  And Postman just leaves the Delivery Advice outside when there are someone at home the whole day, third time in 2 weeks for doorstep delivery, beside this, everything is fine.good lah.............Item recieved ok and in good condition.","Items are bubble wrapped, and all in good condition when received. Very pleased with the speed of delivery and the quality of the items. The price is also very reasonable!It's much cheaper than buying in department stores. Used this before and i can guarantee it's authenticityOrdered on Sunday received on Thursday! Super fast delivery considered shipping from Korea. Very satisfied :)Item was nicely packed in bubble wrap but the delivery is abit on the slow side.Received in good condition. Thanks","One of the nicest place to eat Korean Fried Chicken.We have frequent chicken up a few times now. Both at jurong east and parkway parade outlet. Service is impeccable. The staff truly cares for ur satisfaction. 
Ate the buffet at jurong east outlet. It took sometime for our food to arrive as it gets busy during dinner but it's worth the wait. Be patient. The staff are all running around attending to customers and the cooks in the kitchen are doing their best as its cooked to order. Their chicken are of good sized (bigger than other Korean chicken place) and it's crispy and the sauces are all yummy licking good. The bone falls off the meat easily. The popcorn chicken is succulent and moist. The fries amazing. All came piping hot so u have to be patient again when eating. I will always give them 5 stars for food quality and service. It can be expensive without promotion but it's well worth it.the dumplings were great, as was the soya sauce (gangjang) chicken. the sweet and sour (yangnyum) coat was not my cup of tea - in fact, it left me yearning for a cup of tea to wash down its overwhelming flavour. i was pleasantly surprised by the generous portions. most outlets split the drumstick and wing as 2 separate pieces, but here it's billed as a single piece.
kimchi fries were served with a generous topping of sliced chicken that was frankly, quite redundant. granted the restaurant is called Chicken Up, but i could barely taste the kimchi with all the extra sauces and toppings vying for my tastebuds' attention. the smarter option is to keep it simple. after all, we're just looking to even out the protein with some plain, humble potato.
for the most part, i can't complain. great deal, speedy service, a decent offering of sides.Food is delicious, worth if u can eat alot.The staffs are nice & place is clean & neat . buffet is decent too. Waiting time for the food is just nice. Will visit again for sure.
",GreatttttttgttggggttGreattttttttttttttttGreattttttttttttttttGreattttttttttttttttFast n good. Must really try,"Second time buying from seller, item is value for money and expiry more than a year from now.Received items fast and in good condition!Collected the item 2 days after order. Recommend!Items received in good condition.  Better price than retail shop.I compared prices at their actual shop and here on qoo10 and u get a better deal here if u have coupons. Passion gadgets is quite cool and hasnt let me down yet.","Delivery took ard 10 days
Size ok
Quality ok a slight discoloured on the metal part
But yeah its cheap!Takes abt a week but worth the wait!!!!!One pair was too big, the other just right.Shoes were pretty and fit well, recommendedthis shoe design is bigger compared to others",this capris is very stretchable where the length can be stretch from knee cap to almost full length pant. hope it will feel cooling when exercise.Second time purchase.Fast delivery order on 17 Apr received in 20 Apr.Thanks seller for the free gift.Purchase before and happy with the quality. Recommended.Bought few times from this seller. Quality not bad.Fast delivery and nice design. Thumbs up.,"merries pants better than mamypoko Japan pants. Made in Japan for indon market. Time sale price much cheaper than Ntuc ones even during sales.great Items, great quality. Great deal.great Items, great quality. Great deal.Product is good though I observed the nb diaper are bit smaller than the one I bought from redmart. I tried comparing the outer cover. They are exactly same. Not sure how.Came well packed. Will order from seller again.Good buy and fast delivery! Will purchase again!","Very fast delivery. The 3 dollar rebate is inside the box with a small free gift. Have been a supporter for years. Your skin can really feel the difference if you don't eat this.Items are packed nicely. Hope all those good review really that good.Items are packed nicely 
Buying it as Mother's Day gift 
Hope it's as good as the reviewsMany many many time purchase & I recommend it to my cousin & friend... As I got good result after few months of consuming. My hair grows & skin brighten...2ND purchased... plus the coupon, it really fetched a good price...","Nice product , fast shippingTried cheaper stuff, this is by far the best. Very Thin n exceptionally clear. Installation took some time but was OK. 
1 set comes with 2 pcsGenuine product at a good price.Item cracked upon receipt. Case was inside a normal thin paper box. Paper box put in polymailer. Never even bubble wrap. Box badly crushed and case cracked!Items are of good quality and the screen protector fit perfectly...","Overall ok, price is reasonable, will buy during sale.Good and fast delivery. Will order again.very good and fast compare to snail mailEasy to use and good deal!ÊâìÁîµËØùÁ°ÆËÆ§‰∫Ü„ÄÇÊúçÂä°ÈÉΩÈùûÂ∏∏Â•ΩÂ∑≤ÁªèÈ¢ÜÂèñ‰∫Ü ÈùûÂ∏∏ÁöÑÊé®ËçêËøô‰∏çÈîô","Received the item within a few days, the delivery was faster (from S.Korea) than some local companies. Turned on last night at the 2nd fan speed for whole night and it's quiet and very comfy. Great buy! :)A great buy. Have always wanted to have a bladeless fan since Dyson introduced its own to the world. Finally found a good one that is within my budget, and it is square too, unique, not the typical round shape. It's design is both retro & futuristic. A good addition to homes or offices. Thumbs up!Delivered in 5 days. Work well, just a bit loud....It's not noisy than i expected. I like its quick delivery and its design.","Fast delivery. The Led lamp is really bright. Love it so much.... Hope it can last.Quick delivery. Package received in good condition.Good; Happy with purchase. As advertisedThis my 2nd Purchase.  This 1st one I bought the black color one. Tested 3 weeks ok then buy the 2nd one because no international warranty. This is cheaper by more than half price of what I have to get in Singapore. It's really value buy. Delivery was fast. I got it within a week. Thank you Seller.Order on 31 March and received on 6 April. Condition is good, it work wellüëçüèª. The price is cheaper than other seller........worth it üëçüèªüëçüèªüëçüèª","2 rd order but is different vision from the 1st one ?








Item recieved very fast and well packed and protected for delivery. Item work as good as my 1st setitem received few days after placed order; not all live channels can be watch, and sometimes channels lag/hang even with 1 Gbps wired internet subscription; but it's still better than order tv box I have used.The item took 2 weeks to be delivered, probably due to stock shortage problem.  Haven't setup the box yet, but based on my experience with the 1st gen box, this is one of the better TV/media box around.


CKOrdered on 13 Apr 2016, received on 18 Apr 2016. Items are as in photo. Comes with bubble wrap. Yet to try out.","Got my item today. very happy purchase experience.All received in good condition, 2 days delivery nice material good service,thanks a lot!!Fantastic product n seller. Will definitely want to buy from seller again. Very good service!!Overall the quality of the bag is great. Delivery was fast too. Responsible seller. Ended up buying 2 bags. Loving it.The bag is worth the price and it deliver very fast","Received within 5 working days, been buying for many times already, so far so goodPurchased CLA before , switching to Thermo CLA to see if it works better for fat burning. Was told that it was OOS so have to wait for some time ( which I don't mind ). Seller also gave a sample pack of G-glutamine. 
Thanksitem is great...but only thimg is no box.It's my second purchase and seller indeed kept its promise when ordered 4bottles above for upgrade to express shipping. Good and affordable for people like me who is earning a low  income and wanna lose weight..Exactly the same products as sold in GNC stores, but at much better prices. Will buy again!","took 12 days to have shipping requested changed to on delivery after seller was contacted.maybe too busy.
product is ok.heat doesn't last more den half hour for me.Received the product today, can't wait to use it.Initially i thought just buy & try and like no harm since it is not expensive. I was impresssed that it did help my skin tone up and it was not burning hot. Just a mild sensation and it smells nice. What a good product. It is not magic but for its price i cant complain much. I used to spend more than $50 buying these creams but not anymore. Thank u sellerHavent try the product yet
Thanks for the delivery.Applied a thin layer and felt the burning sensation. First time trying so too early to judge. Very convincing from the great reviews."
